star,FeH,Teff,logg,N_measured,f_pisn_q05,f_pisn_q16,f_pisn_q50,f_pisn_q84,f_pisn_q95
J1409+0126,-3.17,4444.0,0.79,8,0.6205564636822312,0.7491735804710117,0.8329210866536381,0.9148429593334435,0.9441952235365311
J1326+3937,-2.48,5031.0,2.2,10,0.4643606629078232,0.555961706223808,0.6431705433827611,0.7491735804710117,0.8082854001724514
J1344+2157,-3.61,4566.0,0.67,8,0.2514020210434319,0.3160472136722926,0.4666336397819365,0.581079401129624,0.6296031885900545
J0347-0404,-2.75,4878.0,1.53,10,0.0,0.17484190378016862,0.4648213834241598,0.666629221859157,0.8295051435059512
J0910+3854,-3.5,4814.0,1.73,8,0.0,0.1342977357690136,0.32950581238409765,0.6344825606617386,0.7898074187486893
J0126+0135,-3.38,4508.0,1.39,7,0.0,0.1691450175138986,0.32142142146044,0.566983164505463,0.6344825606617386
J1717+2449,-2.45,4917.0,2.13,10,0.0,0.1342977357690136,0.29829993513054526,0.566983164505463,0.6344825606617386
J2353+0714,-3.7,4611.0,1.48,8,0.0,0.10455511012046262,0.29829993513054526,0.6344825606617386,0.8319887942119577
J0055+1857,-2.34,5043.0,2.67,10,0.0,0.1342977357690136,0.29829993513054526,0.566983164505463,0.6891339795098487
J2242+2720,-3.73,4759.0,1.56,8,0.0,0.11056074858795077,0.29829993513054526,0.6222287801980244,0.7055943515162945
J0040+2729,-2.81,4574.0,1.34,10,0.0,0.10455511012046262,0.29829993513054526,0.6344825606617386,0.8377932332722379
J1237+1922,-3.09,4989.0,2.05,10,0.0,0.10455511012046262,0.29829993513054526,0.6344825606617386,0.8377932332722379
J0006+1057,-3.15,4691.0,1.63,8,0.0,0.0,0.29829993513054526,0.7491735804710117,0.9417066149256348
J0753+2350,-3.45,4929.0,2.03,8,0.0,0.11056074858795077,0.29491549462806255,0.5442056921102807,0.6344825606617386
J1625+4836,-2.49,5377.0,3.28,9,0.0,0.10455511012046262,0.2935816646160519,0.5212335078848244,0.6344825606617386
J1632+1022,-2.61,5230.0,3.13,9,0.0,0.12419502050448594,0.2882395314357466,0.5212335078848244,0.6344825606617386
J1233+1952,-3.13,4386.0,0.87,10,0.0,0.0,0.2823010515184395,0.6344825606617386,0.8393564696038674
J1731+2843,-2.18,5058.0,2.43,10,0.0,0.0,0.2823010515184395,0.5527115440492905,0.6344825606617386
J0714+1600,-2.29,5083.0,2.39,9,0.0,0.11056074858795077,0.2823010515184395,0.6344825606617386,0.8229776407780035
J0709+3413,-2.48,4976.0,2.26,10,0.0,0.10455511012046262,0.2689590154597149,0.5442056921102807,0.6344825606617386
J0127+1100,-2.41,4942.0,2.49,10,0.0,0.0,0.2689590154597149,0.6344825606617386,0.8393564696038674
J1614+4437,-2.32,5197.0,2.43,10,0.0,0.0,0.2669668578066584,0.4648213834241598,0.5837679860710436
J1733+2633,-3.28,5208.0,2.52,8,0.0,0.1342977357690136,0.2669668578066584,0.5222597827903718,0.6344825606617386
J2248+1455,-2.38,5510.0,4.76,7,0.0,0.1791159385472979,0.2668104243942764,0.3730742498047467,0.46358591374908964
J1109+0754,-3.31,4537.0,1.36,10,0.0,0.0,0.2586936882530831,0.6344825606617386,0.8393564696038674
J1459+4100,-3.11,4461.0,1.19,10,0.0,0.0,0.2567748687814111,0.6344825606617386,0.8377932332722379
J1230+2119,-2.64,4892.0,2.21,10,0.0,0.0,0.2567748687814111,0.6222287801980244,0.8329210866536381
J1923+5036,-2.64,5014.0,1.85,10,0.0,0.0,0.2522667448122585,0.6344825606617386,0.8377932332722379
J0032+4107,-2.69,5074.0,2.16,10,0.0,0.10191185935705754,0.2503592507492252,0.5199478576732935,0.6344825606617386
J1213+2506,-2.83,4934.0,1.81,9,0.0,0.10051324113645697,0.24935756916895793,0.6344825606617386,0.8257432797508205
J0643+5111,-2.48,5307.0,3.26,10,0.0,0.0,0.24935756916895793,0.5143610400365509,0.6222287801980244
J1226+2323,-2.47,4964.0,1.75,10,0.0,0.0,0.24646235631295532,0.6344825606617386,0.8377932332722379
J0124+0458,-3.22,4784.0,1.58,8,0.0,0.11056074858795077,0.23801835726680165,0.5527115440492905,0.6344825606617386
J1437+0741,-2.14,5241.0,3.01,9,0.0,0.0,0.23590572513256536,0.350793315951175,0.4879728444487256
J0711+3538,-3.25,4702.0,1.49,8,0.0,0.0,0.2356442673717268,0.566983164505463,0.6344825606617386
J1258+1755,-2.68,5483.0,3.57,8,0.0,0.11056074858795077,0.23235798442246824,0.4648213834241598,0.566983164505463
J0133+0654,-2.67,4946.0,1.95,9,0.0,0.1342977357690136,0.23083023678373552,0.31411417644301354,0.35887117576252736
J0003+1556,-2.23,5302.0,2.31,10,0.0,0.1342977357690136,0.23083023678373552,0.6222287801980244,0.8377932332722379
J1225-0452,-2.52,4860.0,1.96,10,0.0,0.0,0.22318002634642625,0.5212335078848244,0.6344825606617386
J0906+2924,-3.02,4732.0,1.42,6,0.0,0.11056074858795077,0.22318002634642625,0.5442056921102807,0.7797394266438017
J1702+1917,-2.67,4928.0,2.38,10,0.0,0.0,0.22209115950203417,0.47400658292581044,0.6222287801980244
J0023+3558,-2.56,5145.0,3.2,10,0.0,0.0,0.22209115950203417,0.31089728508875325,0.35191489639312545
J1459+0444,-2.76,4681.0,1.81,10,0.0,0.10455511012046262,0.22004770092502451,0.6222287801980244,0.8377932332722379
J1548+2113,-2.33,5144.0,2.83,10,0.0,0.10270830503691748,0.2156003558818679,0.4648213834241598,0.5719240642994553
J1305+1200,-2.32,5123.0,2.76,10,0.0,0.10051324113645697,0.2156003558818679,0.4879728444487256,0.6344825606617386
J1432+3755,-3.23,4629.0,1.23,10,0.0,0.0,0.2156003558818679,0.6344825606617386,0.8329210866536381
J0804+5740,-2.47,4556.0,1.45,10,0.0,0.0,0.2156003558818679,0.6344825606617386,0.8377932332722379
J1430+2842,-3.45,4833.0,1.76,8,0.0,0.10455511012046262,0.2156003558818679,0.47400658292581044,0.6222287801980244
J1634+0724,-2.16,4817.0,2.2,10,0.0,0.0,0.2156003558818679,0.5442056921102807,0.6344825606617386
J1423+0322,-2.61,4748.0,1.8,10,0.0,0.0,0.21283632990386442,0.6222287801980244,0.8329210866536381
J2216+0246,-2.56,4806.0,2.1,10,0.0,0.0,0.21283632990386442,0.4879728444487256,0.6222287801980244
J0041+3633,-2.37,5155.0,2.03,10,0.0,0.0,0.21283632990386442,0.6197097605379422,0.8393564696038674
J0934-0108,-2.34,5155.0,2.73,10,0.0,0.0,0.21283632990386442,0.44271329688142935,0.549894196369612
J1414+0016,-2.52,4944.0,2.15,10,0.0,0.0,0.20937207653686862,0.566983164505463,0.6344825606617386
J1207+2244,-2.76,4826.0,1.87,10,0.0,0.0,0.20937207653686862,0.6344825606617386,0.8319887942119577
J0816-0559,-3.56,4716.0,2.03,8,0.0,0.0,0.20061491578979196,0.4524141353427077,0.5551915016257988
J1414+1721,-2.45,5075.0,2.73,10,0.0,0.0,0.18748322837821751,0.47400658292581044,0.5954847891018229
J0748+4613,-3.1,4706.0,1.33,10,0.0,0.0,0.18748322837821751,0.47970296103841625,0.5990214799344937
J0302+1356,-1.88,5020.0,1.97,10,0.0,0.0,0.18748322837821751,0.6222287801980244,0.8313756522092227
J1522+4107,-2.23,5134.0,2.53,10,0.0,0.10314720306161336,0.18748322837821751,0.43424983484814905,0.5551915016257988
J1339-0439,-2.85,4785.0,1.87,10,0.0,0.0,0.18748322837821751,0.6222287801980244,0.7898074187486893
J0643+5934,-2.57,4967.0,2.1,10,0.0,0.0,0.18681968310245595,0.32142142146044,0.4879728444487256
J1518+2544,-2.15,5530.0,2.37,10,0.0,0.0,0.180116264839286,0.6018347739466499,0.8319887942119577
J0159+1219,-1.94,5005.0,3.49,10,0.0,0.0,0.180116264839286,0.6222287801980244,0.8329210866536381
J1145+0359,-2.43,4951.0,2.04,10,0.0,0.0,0.18000472859484712,0.41570131368330043,0.5442056921102807
J1650+4313,-3.02,4915.0,2.02,8,0.0,0.0,0.18000472859484712,0.4485499262119865,0.549894196369612
J1629+1430,-3.45,4600.0,1.03,9,0.0,0.0,0.18000472859484712,0.6197097605379422,0.8377932332722379
J1101+2031,-2.52,5301.0,2.81,10,0.0,0.0,0.18000472859484712,0.4648213834241598,0.5918627512059833
J1523+0714,-2.63,4675.0,1.4,10,0.0,0.0,0.1791159385472979,0.43090645329363664,0.5442056921102807
J2333+0505,-2.43,5035.0,2.05,10,0.0,0.10051324113645697,0.17484190378016862,0.47400658292581044,0.6222287801980244
J1208+3954,-2.64,4774.0,2.02,10,0.0,0.0,0.17484190378016862,0.5837679860710436,0.8319887942119577
J1719+1358,-2.77,4775.0,2.05,10,0.0,0.0,0.17484190378016862,0.519896664498328,0.6222287801980244
J1650+5402,-2.62,4660.0,1.45,10,0.0,0.0,0.17243823399471714,0.5990214799344937,0.8319887942119577
J1352+2646,-3.06,4717.0,1.69,10,0.0,0.0,0.17243823399471714,0.5861307875714452,0.7898074187486893
J2349+3119,-2.01,5064.0,2.5,10,0.0,0.0,0.1700999949103445,0.39670463977290804,0.5442056921102807
J2347+2851,-2.36,4864.0,1.88,10,0.0,0.0,0.16988596479352086,0.4193087503423054,0.5483680883754857
J2217+2104,-4.12,4499.0,1.59,9,0.0,0.0,0.16988596479352086,0.4698364959855703,0.6222287801980244
J1604+1305,-2.15,5049.0,2.42,10,0.0,0.0,0.16988596479352086,0.3116394790269518,0.4790936070193017
J1435+1213,-2.61,5752.0,4.55,8,0.0,0.0,0.16988596479352086,0.4648213834241598,0.566983164505463
J1315+2045,-3.3,5068.0,1.84,7,0.0,0.0,0.16988596479352086,0.35887117576252736,0.47400658292581044
J1305+2137,-2.38,5152.0,3.01,10,0.0,0.0,0.16988596479352086,0.45931617562715266,0.566983164505463
J1612-0207,-2.14,5056.0,2.8,10,0.0,0.0,0.1691450175138986,0.47400658292581044,0.5918627512059833
J1449+3104,-1.73,6204.0,4.06,10,0.0,0.0,0.164453316563635,0.3065155364340222,0.47400658292581044
J1413+1727,-3.25,4593.0,1.39,10,0.0,0.0,0.164453316563635,0.6049179052760628,0.8377932332722379
J1730+4143,-2.5,4919.0,2.06,10,0.0,0.0,0.16227283022613492,0.408206330057724,0.4879728444487256
J1019+3050,-2.74,4842.0,1.78,10,0.0,0.0,0.16227283022613492,0.3065155364340222,0.4790936070193017
J1400+4926,-2.58,5166.0,2.49,10,0.0,0.0,0.16227283022613492,0.24935756916895793,0.4648213834241598
J1041+0710,-2.8,5259.0,3.35,8,0.10143725446909402,0.11202432677929597,0.16040472350015944,0.4648213834241598,0.566983164505463
J0600+2301,-1.53,6132.0,3.31,10,0.0,0.0,0.159545242319485,0.23590572513256536,0.2987386580403433
J1015+4253,-3.22,4946.0,1.93,8,0.0,0.0,0.159545242319485,0.35887117576252736,0.47400658292581044
J1003-0358,-2.18,6268.0,4.04,8,0.10191185935705754,0.11910203867929281,0.15615181268598766,0.19955659406523096,0.23349683076984748
J1456+1830,-2.63,4482.0,1.18,10,0.0,0.0,0.15576122891553393,0.5212335078848244,0.8313756522092227
J1053+2721,-2.3,4953.0,2.81,5,0.10191185935705754,0.11546463976465204,0.1523823447392596,0.180116264839286,0.23349683076984748
J1459+2907,-2.79,4883.0,1.94,10,0.0,0.0,0.1523823447392596,0.4698364959855703,0.6222287801980244
J1214-0036,-2.91,5339.0,2.84,8,0.0,0.0,0.15027759009287112,0.2689590154597149,0.3116394790269518
J1131+1329,-2.33,5740.0,3.7,6,0.10191185935705754,0.11546463976465204,0.1492032725510805,0.1864820242514053,0.23273148711794733
J0701+1813,-2.31,5093.0,2.36,10,0.0,0.0,0.14416535882139717,0.34810904117661784,0.5345783268720434
J1516+0442,-2.33,4869.0,2.24,10,0.0,0.0,0.14416535882139717,0.39926764386157343,0.5442056921102807
J0232+0019,-3.25,4717.0,1.78,8,0.0,0.0,0.14416535882139717,0.47400658292581044,0.5990214799344937
J1059+0208,-2.3,5207.0,3.06,10,0.0,0.0,0.1433990838159787,0.3794693012868857,0.5442056921102807
J1529+0804,-2.89,4868.0,1.97,10,0.0,0.0,0.14205334736406683,0.32825635936189457,0.5602550293404215
J2109+1725,-2.56,4936.0,2.12,10,0.0,0.0,0.14205334736406683,0.22318002634642625,0.43090645329363664
J1520+5500,-2.18,5500.0,2.04,10,0.0,0.0,0.14205334736406683,0.20061491578979196,0.29491549462806255
J0248+0714,-2.05,5217.0,2.99,10,0.0,0.0,0.14205334736406683,0.408206330057724,0.5222597827903718
J1218+2838,-2.13,4947.0,2.65,10,0.0,0.0,0.14205334736406683,0.4413870508534192,0.5719240642994553
J1105+3305,-3.29,5007.0,2.21,9,0.0,0.0,0.14205334736406683,0.34006575831666236,0.5212335078848244
J1205+1309,-1.67,5683.0,3.68,10,0.0,0.0,0.14205334736406683,0.22318002634642625,0.2619515613208836
J1005-0350,-2.29,5262.0,3.21,10,0.0,0.0,0.14205334736406683,0.24491100180340214,0.4413870508534192
J1221+0907,-2.34,5207.0,2.64,10,0.0,0.0,0.14205334736406683,0.408206330057724,0.5222597827903718
J0326+0202,-3.04,5004.0,2.21,10,0.0,0.0,0.14205334736406683,0.24935756916895793,0.47400658292581044
J1349+2800,-3.38,5255.0,3.07,7,0.0,0.0,0.14205334736406683,0.20937207653686862,0.2689590154597149
J0845+0150,-2.3,6237.0,3.98,7,0.0,0.0,0.13922588997288757,0.16988596479352086,0.22318002634642625
J1410+1801,-3.62,4714.0,1.57,6,0.0,0.0,0.13922588997288757,0.35887117576252736,0.47400658292581044
J1700+2159,-2.63,5601.0,2.17,9,0.0,0.0,0.13922588997288757,0.408206330057724,0.47400658292581044
J1702+1732,-2.29,5408.0,3.04,10,0.0,0.0,0.13922588997288757,0.2156003558818679,0.29829993513054526
J1456+3122,-2.7,5062.0,2.01,10,0.0,0.0,0.13922588997288757,0.32349192380979497,0.47400658292581044
J0924+2651,-2.55,6299.0,3.98,6,0.0,0.0,0.13922588997288757,0.16988596479352086,0.22318002634642625
J1257+3749,-2.92,4576.0,1.78,10,0.10046119385068973,0.10191185935705754,0.13649912419417756,0.35004091415191707,0.537942006943665
J1524+5348,-2.03,5749.0,3.73,10,0.0,0.0,0.13649912419417756,0.18748322837821751,0.29530639888218024
J1044+2955,-2.11,6220.0,4.12,7,0.0,0.0,0.13479904663093067,0.16988596479352086,0.22209115950203417
J2221+0228,-2.81,5425.0,2.69,7,0.0,0.0,0.13479904663093067,0.1816324719188598,0.22459805647421272
J1314+3741,-2.67,5720.0,3.77,7,0.0,0.0,0.13479904663093067,0.16988596479352086,0.19955659406523096
J1147+4458,-2.4,5892.0,4.59,7,0.0,0.0,0.13479904663093067,0.17990473459355127,0.22459805647421272
J1554-0051,-3.02,5503.0,2.36,7,0.0,0.0,0.13479904663093067,0.16988596479352086,0.17990473459355127
J1609+1758,-3.26,4831.0,1.86,7,0.0,0.0,0.13479904663093067,0.17990473459355127,0.22459805647421272
J0529+5040,-2.16,6228.0,3.87,7,0.0,0.0,0.13479904663093067,0.16988596479352086,0.22318002634642625
J1231+1232,-2.44,6303.0,3.87,7,0.0,0.0,0.13479904663093067,0.16988596479352086,0.22318002634642625
J0834+2307,-2.61,5386.0,3.37,10,0.0,0.0,0.1347059110683533,0.20061491578979196,0.29829993513054526
J1300+2632,-1.28,6351.0,4.25,9,0.10116008057962518,0.10185847149751243,0.1347059110683533,0.17243823399471714,0.23273148711794733
J1324+0211,-2.23,6030.0,3.89,8,0.10116008057962518,0.10218573147524011,0.1347059110683533,0.1632618561468281,0.19955659406523096
J0758+4703,-2.18,5766.0,4.08,10,0.10046119385068973,0.10191185935705754,0.1347059110683533,0.43424983484814905,0.5861307875714452
J1656+4714,-2.71,6152.0,4.49,7,0.0,0.0,0.1342977357690136,0.17990473459355127,0.22318002634642625
J0653+4735,-2.41,4843.0,1.99,10,0.0,0.0,0.1342977357690136,0.29829993513054526,0.47400658292581044
J0804+4659,-2.07,5812.0,3.06,10,0.0,0.0,0.1342977357690136,0.408206330057724,0.4879728444487256
J1240+5216,-2.75,5204.0,2.73,10,0.0,0.0,0.1342977357690136,0.20061491578979196,0.29491549462806255
J2256+0215,-2.27,5044.0,1.68,10,0.0,0.0,0.1322283377482307,0.20937207653686862,0.29829993513054526
J0124+2508,-3.17,6545.0,4.15,3,0.10122389454340627,0.10218573147524011,0.1322283377482307,0.16040472350015944,0.1864820242514053
J1044+3713,-2.03,5609.0,3.42,10,0.0,0.0,0.1322283377482307,0.22318002634642625,0.29491549462806255
J1035+3158,-3.68,4645.0,1.03,3,0.10116008057962518,0.10218573147524011,0.1322283377482307,0.1621191604074789,0.1990247865479864
J1741+3231,-3.14,6462.0,4.1,5,0.10116008057962518,0.10218573147524011,0.1322283377482307,0.16227283022613492,0.20139720317463694
J0119-0121,-3.19,6262.0,4.15,5,0.10116008057962518,0.10218573147524011,0.1322283377482307,0.1632618561468281,0.3116394790269518
J0934+3511,-3.23,6436.0,4.39,4,0.10122389454340627,0.10218573147524011,0.12987647387022644,0.16040472350015944,0.18681968310245595
J0657+2948,-2.89,6731.0,4.12,3,0.10122389454340627,0.10218573147524011,0.12987647387022644,0.16031847810919173,0.1816324719188598
J1300+0633,-2.61,5122.0,2.6,9,0.0,0.0,0.12567829225100616,0.3631376356888222,0.5345783268720434
J1102+0102,-2.32,4956.0,2.4,10,0.0,0.0,0.12567829225100616,0.20937207653686862,0.2689590154597149
J1718+5044,-2.75,5403.0,2.41,8,0.0,0.0,0.12567829225100616,0.34810904117661784,0.5345783268720434
J1745+5410,-2.03,5518.0,2.15,10,0.0,0.0,0.12567829225100616,0.22318002634642625,0.2689590154597149
J1457+0556,-1.86,5705.0,3.77,9,0.0,0.0,0.12567829225100616,0.34810904117661784,0.5345783268720434
J1634+0206,-2.15,5338.0,2.35,10,0.0,0.0,0.12567829225100616,0.408206330057724,0.5442056921102807
J0633+5527,-2.66,5015.0,2.64,10,0.0,0.0,0.12567829225100616,0.24685390382345582,0.4413870508534192
J1250-0307,-2.07,5344.0,3.11,10,0.0,0.0,0.12567829225100616,0.22318002634642625,0.2689590154597149
J1256+2321,-3.07,4663.0,1.56,8,0.0,0.0,0.12567829225100616,0.47400658292581044,0.6222287801980244
J2216+2232,-2.81,4844.0,2.11,10,0.0,0.0,0.12567829225100616,0.20061491578979196,0.2503592507492252
J0705+2922,-3.07,6210.0,4.05,4,0.10122389454340627,0.10218573147524011,0.12419502050448594,0.1621191604074789,0.19955659406523096
J1349+1551,-3.13,6046.0,4.39,4,0.10116008057962518,0.10218573147524011,0.12212006368509014,0.159545242319485,0.19001940030813935
J1645+4357,-2.87,4660.0,1.18,9,0.10116008057962518,0.10185847149751243,0.12212006368509014,0.17817714260355272,0.3116394790269518
J1622+2545,-3.2,6430.0,4.16,3,0.10116008057962518,0.10218573147524011,0.12212006368509014,0.159545242319485,0.1864820242514053
J1220+1637,-2.72,6376.0,3.79,5,0.10116008057962518,0.10218573147524011,0.12212006368509014,0.1621191604074789,0.19001940030813935
J1501+3445,-2.61,5042.0,2.07,10,0.0,0.0,0.12136535405465827,0.21283632990386442,0.262519429925434
J2211+0454,-0.63,5271.0,2.79,8,0.10116008057962518,0.10143725446909402,0.1166881196410397,0.1632618561468281,0.3116394790269518
J1206+4528,-3.23,4933.0,1.78,9,0.0,0.0,0.11546463976465204,0.16988596479352086,0.1864820242514053
J0953+5437,-2.43,5370.0,3.25,10,0.0,0.0,0.11056074858795077,0.16988596479352086,0.22829088992550622
J2224+0707,-3.1,4344.0,0.86,10,0.0,0.0,0.11056074858795077,0.5345783268720434,0.8393564696038674
J1811+5159,-2.51,4668.0,1.3,10,0.0,0.0,0.11056074858795077,0.5345783268720434,0.8295051435059512
J0203+0851,-2.14,5871.0,3.96,9,0.0,0.0,0.11056074858795077,0.16988596479352086,0.18748322837821751
J2159+0308,-2.83,4547.0,1.29,9,0.0,0.0,0.11056074858795077,0.5212335078848244,0.8319887942119577
J1437+5044,-2.37,5089.0,2.25,10,0.0,0.0,0.11056074858795077,0.22318002634642625,0.41570131368330043
J1455+1251,-2.63,4696.0,1.48,10,0.0,0.0,0.11056074858795077,0.5212335078848244,0.8257432797508205
J1414+1457,-2.58,4835.0,1.66,10,0.0,0.0,0.11056074858795077,0.5212335078848244,0.8319887942119577
J1341+3255,-2.81,4780.0,1.94,10,0.0,0.0,0.11056074858795077,0.45931617562715266,0.5940393991971583
J0713+5500,-3.62,4290.0,1.01,9,0.0,0.0,0.11056074858795077,0.5345783268720434,0.8393564696038674
J1427+4618,-2.23,5680.0,4.62,9,0.0,0.0,0.11056074858795077,0.2156003558818679,0.29829993513054526
J1345+0513,-2.69,4686.0,1.43,10,0.0,0.0,0.11056074858795077,0.40452855177554214,0.5442056921102807
J1640+1550,-2.89,4730.0,1.6,9,0.0,0.0,0.11056074858795077,0.5212335078848244,0.8724134122174233
J2333+1756,-3.22,4736.0,1.74,9,0.0,0.0,0.11056074858795077,0.22318002634642625,0.45074417399857303
J1630+0953,-3.04,4665.0,1.16,10,0.0,0.0,0.11056074858795077,0.5212335078848244,0.8257432797508205
J1855+5903,-2.01,6047.0,4.09,8,0.0,0.0,0.11056074858795077,0.16988596479352086,0.18748322837821751
J0845+2053,-2.42,4993.0,1.85,9,0.0,0.0,0.11056074858795077,0.24935756916895793,0.47400658292581044
J1118-0650,-3.5,4601.0,1.5,10,0.0,0.0,0.11056074858795077,0.666629221859157,0.9407287890728773
J1122+1223,-2.3,5229.0,2.68,10,0.0,0.0,0.11056074858795077,0.20937207653686862,0.29829993513054526
J1158+0734,-2.93,4415.0,1.08,10,0.0,0.0,0.11056074858795077,0.5212335078848244,0.8295051435059512
J1301+2338,-2.55,4797.0,1.85,10,0.0,0.0,0.11056074858795077,0.4330575460505749,0.5471322704685966
J0914+2351,-3.3,4604.0,1.29,9,0.0,0.0,0.11056074858795077,0.5212335078848244,0.8295051435059512
J1236+3424,-2.53,4937.0,1.77,10,0.0,0.0,0.11056074858795077,0.24685390382345582,0.46358591374908964
J1153+3112,-3.12,4686.0,1.19,10,0.0,0.0,0.11056074858795077,0.20061491578979196,0.2689590154597149
J1848+4401,-2.54,5270.0,3.14,9,0.0,0.0,0.11056074858795077,0.20937207653686862,0.2689590154597149
J1152+1202,-2.0,5536.0,4.69,8,0.0,0.0,0.10796653272352452,0.16988596479352086,0.18748322837821751
J1123+0937,-2.45,6061.0,4.44,7,0.0,0.0,0.10314720306161336,0.1691450175138986,0.20139720317463694
J1037+0655,-3.36,4723.0,1.61,7,0.0,0.0,0.10314720306161336,0.1691450175138986,0.20139720317463694
J1017+3755,-2.88,5317.0,2.66,9,0.0,0.0,0.10314720306161336,0.16988596479352086,0.18748322837821751
J0423+3230,-3.38,4895.0,2.26,7,0.0,0.0,0.10314720306161336,0.1691450175138986,0.20061491578979196
J2323+2236,-2.34,6137.0,4.32,7,0.0,0.0,0.10314720306161336,0.16988596479352086,0.18748322837821751
J0023+2023,-3.29,5197.0,2.79,7,0.0,0.0,0.10314720306161336,0.16988596479352086,0.18748322837821751
J1406+3219,-2.12,6123.0,3.87,8,0.0,0.0,0.10314720306161336,0.1864820242514053,0.22528533747843255
J1220+4231,-2.8,4814.0,1.88,10,0.0,0.0,0.10314720306161336,0.16988596479352086,0.18748322837821751
J1151+1228,-3.51,5254.0,3.12,7,0.0,0.0,0.10314720306161336,0.16988596479352086,0.18748322837821751
J1123+3217,-1.95,6226.0,4.37,9,0.0,0.0,0.10314720306161336,0.1864820242514053,0.22459805647421272
J1234+4201,-2.03,6185.0,4.03,9,0.0,0.0,0.10314720306161336,0.16988596479352086,0.18748322837821751
J1231+5243,-1.99,5824.0,3.66,10,0.0,0.0,0.10314720306161336,0.16988596479352086,0.18748322837821751
J1954+5853,-2.05,5861.0,3.84,9,0.0,0.0,0.10314720306161336,0.18748322837821751,0.23349683076984748
J1324+0339,-1.88,6221.0,4.43,9,0.0,0.0,0.10314720306161336,0.18748322837821751,0.22829088992550622
J1541+3009,-1.83,6104.0,4.23,9,0.0,0.0,0.10314720306161336,0.18748322837821751,0.22829088992550622
J1342+1748,-3.71,5310.0,2.58,6,0.0,0.0,0.10314720306161336,0.16988596479352086,0.18748322837821751
J0741+2132,-2.43,6064.0,4.01,9,0.0,0.0,0.10314720306161336,0.16988596479352086,0.18748322837821751
J1424+3343,-1.88,6057.0,4.39,9,0.0,0.0,0.10314720306161336,0.1864820242514053,0.22459805647421272
J1657+3443,-2.6,4984.0,1.92,10,0.0,0.0,0.10314720306161336,0.16988596479352086,0.18748322837821751
J2056+1438,-2.48,6042.0,4.34,7,0.0,0.0,0.10314720306161336,0.16988596479352086,0.18748322837821751
J0908+3207,-2.74,5141.0,2.64,8,0.0,0.0,0.10314720306161336,0.16988596479352086,0.18748322837821751
J1032+4209,-2.4,5102.0,2.45,10,0.0,0.0,0.10051324113645697,0.17484190378016862,0.22318002634642625
J1400+1215,-2.42,4925.0,2.33,10,0.0,0.0,0.10051324113645697,0.17484190378016862,0.22459805647421272
J0828+0037,-2.21,6020.0,3.84,8,0.0,0.0,0.10051324113645697,0.18748322837821751,0.23349683076984748
J0131+4800,-1.8,6230.0,4.11,9,0.0,0.0,0.0,0.11056074858795077,0.18748322837821751
J0141+2230,-2.29,5700.0,3.68,8,0.0,0.0,0.0,0.0,0.11056074858795077
J1151-0054,-3.05,6010.0,3.61,3,0.0,0.0,0.0,0.0,0.13479904663093067
J1125+1011,-3.06,6285.0,3.97,4,0.0,0.0,0.0,0.0,0.0
J0127-0016,-2.88,6326.0,4.25,4,0.0,0.0,0.0,0.0,0.0
J0146+2956,-2.4,6486.0,4.15,4,0.0,0.0,0.0,0.0,0.0
J0824+3025,-2.72,6327.0,4.19,4,0.0,0.0,0.0,0.0,0.0
J0830+1214,-3.38,4810.0,2.14,5,0.0,0.0,0.0,0.16731719336506373,0.22318002634642625
J0832+2450,-2.38,6128.0,3.91,9,0.0,0.0,0.0,0.17990473459355127,0.22459805647421272
J0830+1751,-1.8,6164.0,4.15,5,0.0,0.0,0.0,0.16731719336506373,0.1816324719188598
J1041+1056,-2.87,6038.0,2.44,3,0.0,0.0,0.0,0.0,0.0
J1044-0358,-2.13,6333.0,3.99,8,0.0,0.0,0.0,0.14205334736406683,0.16988596479352086
J0814+4055,-2.88,6125.0,4.42,5,0.0,0.0,0.0,0.10796653272352452,0.16770498318010923
J0815+3051,-2.36,6451.0,3.87,3,0.0,0.0,0.0,0.0,0.13479904663093067
J1058-0138,-2.28,6080.0,4.18,7,0.0,0.0,0.0,0.0,0.0
J1050+2135,-2.33,6236.0,4.31,9,0.0,0.0,0.0,0.1691450175138986,0.22318002634642625
J1049+1520,-2.17,6139.0,3.91,7,0.0,0.0,0.0,0.16731719336506373,0.22318002634642625
J0854+1405,-3.05,6065.0,4.39,4,0.0,0.0,0.0,0.0,0.0
J0850+4143,-2.53,5027.0,1.96,6,0.0,0.0,0.0,0.10218573147524011,0.13922588997288757
J0852+2627,-2.41,5604.0,3.69,5,0.0,0.0,0.0,0.16731719336506373,0.1816324719188598
J0842-0143,-3.17,6481.0,4.07,4,0.0,0.0,0.0,0.0,0.0
J0849+1914,-2.65,6517.0,4.06,2,0.0,0.0,0.0,0.0,0.0
J1020+4046,-2.94,6082.0,4.39,6,0.0,0.0,0.0,0.0,0.0
J0158+3828,-3.28,5076.0,2.49,6,0.0,0.0,0.0,0.14205334736406683,0.16988596479352086
J0150+2149,-2.95,6378.0,3.66,5,0.0,0.0,0.0,0.0,0.0
J1028+2625,-2.91,6065.0,4.54,4,0.0,0.0,0.0,0.0,0.0
J0409+2009,-3.37,4317.0,0.62,6,0.0,0.0,0.0,0.10796653272352452,0.16770498318010923
J0422+1808,-4.06,4514.0,1.29,5,0.0,0.0,0.0,0.16240500491473459,0.1864820242514053
J0357+3243,-2.68,5427.0,3.61,6,0.0,0.0,0.0,0.16731719336506373,0.22318002634642625
J0405+2141,-3.21,5002.0,2.12,7,0.0,0.0,0.0,0.1691450175138986,0.4675289647491895
J0119+2425,-2.81,6288.0,4.26,4,0.0,0.0,0.0,0.0,0.0
J0440+1706,-3.4,6009.0,4.08,3,0.0,0.0,0.0,0.0,0.0
J0435+5650,-1.89,6524.0,4.22,8,0.0,0.0,0.0,0.14205334736406683,0.16988596479352086
J0423+0538,-2.18,6023.0,4.3,9,0.0,0.0,0.0,0.11056074858795077,0.18748322837821751
J1829+4852,-2.07,6213.0,4.16,9,0.0,0.0,0.0,0.11056074858795077,0.18748322837821751
J1833+1309,-2.64,5296.0,3.51,8,0.0,0.0,0.0,0.0,0.14205334736406683
J2325+0346,-2.18,6200.0,4.01,8,0.0,0.0,0.0,0.16240500491473459,0.20640493159903406
J2323+0342,-2.33,6166.0,4.18,4,0.0,0.0,0.0,0.0,0.0
J2257+3859,-2.65,5309.0,3.42,10,0.0,0.0,0.0,0.0,0.0
J2253+1134,-2.51,4917.0,2.04,10,0.0,0.0,0.0,0.18000472859484712,0.24998865717433066
J2249+0309,-3.59,5136.0,2.3,3,0.0,0.0,0.0,0.0,0.13479904663093067
J0102+0523,-3.07,6364.0,2.69,3,0.0,0.0,0.0,0.0,0.0
J0025+2305,-2.81,6308.0,3.93,4,0.0,0.0,0.0,0.10796653272352452,0.164453316563635
J0037+2935,-2.89,6019.0,4.37,4,0.0,0.0,0.0,0.0,0.0
J0056+3533,-2.17,6607.0,2.73,4,0.0,0.0,0.0,0.0,0.0
J0054+2649,-3.22,6320.0,4.07,4,0.0,0.0,0.0,0.0,0.0
J0949+2707,-2.9,6134.0,4.12,4,0.0,0.0,0.0,0.0,0.0
J0948+0000,-2.79,6093.0,2.67,6,0.0,0.0,0.0,0.0,0.14205334736406683
J0946+1803,-3.6,4847.0,2.49,5,0.0,0.0,0.0,0.1621191604074789,0.17990473459355127
J0946-0705,-2.06,6029.0,3.97,7,0.0,0.0,0.0,0.17990473459355127,0.22459805647421272
J0940-0144,-2.09,6198.0,3.8,6,0.0,0.0,0.0,0.0,0.0
J0938+2900,-2.51,6583.0,4.07,4,0.0,0.0,0.0,0.0,0.0
J0934-0259,-1.85,6051.0,4.38,9,0.0,0.0,0.0,0.11056074858795077,0.18748322837821751
J0918+5107,-3.24,5032.0,2.18,7,0.0,0.0,0.0,0.16988596479352086,0.18748322837821751
J1305+2815,-2.86,6218.0,3.87,5,0.0,0.0,0.0,0.1691450175138986,0.22318002634642625
J1317+5245,-1.78,6000.0,3.94,9,0.0,0.0,0.0,0.11056074858795077,0.18748322837821751
J1314+5232,-2.17,6130.0,3.83,7,0.0,0.0,0.0,0.0,0.10796653272352452
J1313-0552,-4.37,4712.0,2.83,5,0.0,0.0,0.0,0.0,0.0
J1306+0846,-3.25,6421.0,3.94,4,0.0,0.0,0.0,0.0,0.0
J0305+0352,-2.29,6194.0,4.06,5,0.0,0.0,0.0,0.0,0.0
J0310+2001,-3.28,5386.0,4.24,5,0.0,0.0,0.0,0.16731719336506373,0.22318002634642625
J0343-0430,-2.32,6003.0,3.98,6,0.0,0.0,0.0,0.0,0.0
J1253+0753,-3.83,6227.0,3.71,4,0.0,0.0,0.0,0.0,0.0
J0232+4115,-3.2,5754.0,2.42,4,0.0,0.0,0.0,0.0,0.0
J0232+0545,-2.26,6173.0,4.08,6,0.0,0.0,0.0,0.16770498318010923,0.22318002634642625
J0251-0006,-2.97,6062.0,3.85,4,0.0,0.0,0.0,0.0,0.0
J0244+0828,-2.48,6365.0,4.28,6,0.0,0.0,0.0,0.16770498318010923,0.16988596479352086
J0246+2643,-2.83,6024.0,2.58,4,0.0,0.0,0.0,0.0,0.0
J0236+0844,-3.04,5809.0,4.54,5,0.0,0.0,0.0,0.0,0.0
J0235+0246,-3.29,6227.0,2.92,4,0.0,0.0,0.0,0.0,0.0
J0213-0005,-1.89,6266.0,4.37,7,0.0,0.0,0.0,0.16770498318010923,0.2156003558818679
J1216+0231,-2.84,6027.0,3.51,4,0.0,0.0,0.0,0.0,0.0
J1214+0453,-3.01,6371.0,4.17,4,0.0,0.0,0.0,0.0,0.0
J1210+0023,-2.15,6034.0,4.42,9,0.0,0.0,0.0,0.16770498318010923,0.18748322837821751
J1228+2519,-1.84,6283.0,4.25,9,0.0,0.0,0.0,0.17990473459355127,0.22528533747843255
J1234+1420,-2.14,6158.0,4.21,7,0.0,0.0,0.0,0.14205334736406683,0.16988596479352086
J1235+0956,-2.26,6217.0,4.26,5,0.0,0.0,0.0,0.0,0.0
J1235+3712,-3.52,6105.0,2.6,3,0.0,0.0,0.0,0.0,0.0
J1106+5444,-2.8,6417.0,4.29,4,0.0,0.0,0.0,0.0,0.0
J1135+3100,-2.84,6368.0,4.19,5,0.0,0.0,0.0,0.0,0.0
J1127+1041,-3.36,6164.0,4.47,3,0.0,0.0,0.0,0.0,0.0
J1137+4413,-2.13,6321.0,4.08,8,0.0,0.0,0.0,0.11056074858795077,0.18748322837821751
J1144+4425,-2.44,5861.0,4.64,6,0.0,0.0,0.0,0.16731719336506373,0.22318002634642625
J1144+4032,-2.69,5501.0,4.37,8,0.0,0.0,0.0,0.1342977357690136,0.18748322837821751
J1142+3311,-2.12,6166.0,3.91,7,0.0,0.0,0.0,0.0,0.14205334736406683
J1216-0244,-2.02,6109.0,4.41,8,0.0,0.0,0.0,0.11056074858795077,0.18748322837821751
J1207+1524,-3.13,6321.0,4.18,4,0.0,0.0,0.0,0.0,0.0
J1158+0531,-2.29,5634.0,3.61,8,0.0,0.0,0.0,0.11056074858795077,0.18748322837821751
J1343+0545,-2.88,5052.0,2.84,5,0.0,0.0,0.0,0.0,0.10796653272352452
J1346+1024,-2.22,6199.0,4.27,7,0.0,0.0,0.0,0.11056074858795077,0.18748322837821751
J0814+3305,-3.34,5685.0,3.46,4,0.0,0.0,0.0,0.0,0.0
J0749+4629,-2.41,6164.0,3.95,4,0.0,0.0,0.0,0.0,0.0
J0759+5411,-3.18,6493.0,4.16,2,0.0,0.0,0.0,0.0,0.0
J1345+0024,-3.2,5972.0,4.47,5,0.0,0.0,0.0,0.0,0.13479904663093067
J1350+0819,-2.41,6247.0,4.02,7,0.0,0.0,0.0,0.16731719336506373,0.21552660891393383
J0723+5206,-2.59,4895.0,2.02,5,0.0,0.0,0.0,0.0,0.0
J1341+5135,-3.02,6560.0,4.32,3,0.0,0.0,0.0,0.0,0.0
J0723+3806,-3.04,6093.0,4.16,5,0.0,0.0,0.0,0.0,0.0
J0748+3209,-3.08,5029.0,2.33,7,0.0,0.0,0.0,0.16988596479352086,0.17484190378016862
J0726+3644,-2.13,6437.0,4.23,6,0.0,0.0,0.0,0.16731719336506373,0.22318002634642625
J0728+3112,-1.98,6390.0,4.34,5,0.0,0.0,0.0,0.16731719336506373,0.22318002634642625
J1340+1606,-3.14,6400.0,3.85,3,0.0,0.0,0.0,0.0,0.0
J1327+0710,-3.25,6101.0,4.33,5,0.0,0.0,0.0,0.0,0.0
J1321+3205,-2.98,5476.0,3.33,6,0.0,0.0,0.0,0.16731719336506373,0.22209115950203417
J1337-0118,-2.73,6005.0,2.71,6,0.0,0.0,0.0,0.16040472350015944,0.16988596479352086
J1333+4937,-2.96,5906.0,2.58,4,0.0,0.0,0.0,0.0,0.0
J1017+0821,-2.7,6032.0,2.66,4,0.0,0.0,0.0,0.0,0.0
J1320+1609,-2.52,6216.0,4.14,6,0.0,0.0,0.0,0.14205334736406683,0.16988596479352086
J1014+0547,-1.9,5955.0,3.98,9,0.0,0.0,0.0,0.11056074858795077,0.18748322837821751
J1011+3524,-2.25,6114.0,4.38,7,0.0,0.0,0.0,0.1691450175138986,0.22318002634642625
J0632+2105,-3.41,5706.0,3.81,4,0.0,0.0,0.0,0.0,0.0
J0626+6032,-2.39,5863.0,3.73,8,0.0,0.0,0.0,0.1598784755308471,0.17990473459355127
J0554+5235,-2.29,5358.0,2.46,9,0.0,0.0,0.0,0.11056074858795077,0.18748322837821751
J0446+2124,-2.82,5069.0,2.87,7,0.0,0.0,0.0,0.0,0.0
J1455+4123,-2.32,6208.0,4.07,6,0.0,0.0,0.0,0.0,0.11056074858795077
J1458+1128,-3.59,5004.0,3.15,5,0.0,0.0,0.0,0.13479904663093067,0.1598784755308471
J1446+3712,-3.03,6242.0,4.53,4,0.0,0.0,0.0,0.0,0.0
J1451+3426,-3.85,4950.0,2.52,5,0.0,0.0,0.0,0.0,0.0
J1428+3430,-2.41,6303.0,3.96,6,0.0,0.0,0.0,0.16731719336506373,0.22318002634642625
J1434+3540,-1.91,5927.0,4.38,8,0.0,0.0,0.0,0.16731719336506373,0.22459805647421272
J1442-0014,-2.36,5313.0,2.85,10,0.0,0.0,0.0,0.16988596479352086,0.18748322837821751
J1437+2621,-3.09,4899.0,2.04,7,0.0,0.0,0.0,0.11056074858795077,0.18748322837821751
J1420+2305,-2.51,6449.0,4.1,4,0.0,0.0,0.0,0.0,0.13479904663093067
J1415-0435,-2.84,6266.0,4.41,5,0.0,0.0,0.0,0.0,0.0
J1421+2401,-2.68,6590.0,4.25,4,0.0,0.0,0.0,0.0,0.0
J1420+3439,-3.17,5323.0,3.24,5,0.0,0.0,0.0,0.16240500491473459,0.1864820242514053
J1353+2021,-2.79,6081.0,4.25,7,0.0,0.0,0.0,0.0,0.0
J1358+1257,-2.38,6540.0,2.59,4,0.0,0.0,0.0,0.0,0.0
J1359+2112,-2.34,6177.0,4.05,8,0.0,0.0,0.0,0.1691450175138986,0.22459805647421272
J1404+4111,-1.92,6195.0,4.06,9,0.0,0.0,0.0,0.1691450175138986,0.22528533747843255
J1410-0555,-3.13,6308.0,4.24,6,0.0,0.0,0.0,0.14205334736406683,0.16988596479352086
J1401+2659,-2.99,6125.0,3.87,5,0.0,0.0,0.0,0.16731719336506373,0.22318002634642625
J1404+3222,-2.13,6056.0,4.0,9,0.0,0.0,0.0,0.11056074858795077,0.18748322837821751
J0729+1753,-3.34,4531.0,0.55,5,0.0,0.0,0.0,0.1691450175138986,0.22318002634642625
J0801+4530,-2.99,4966.0,2.3,6,0.0,0.0,0.0,0.11056074858795077,0.18748322837821751
J1614+5137,-2.91,6493.0,4.06,3,0.0,0.0,0.0,0.0,0.0
J1551+2040,-2.48,5077.0,2.73,9,0.0,0.0,0.0,0.14205334736406683,0.16988596479352086
J1558+4149,-2.03,6291.0,4.08,8,0.0,0.0,0.0,0.0,0.0
J0703+3747,-2.42,6180.0,4.12,6,0.0,0.0,0.0,0.0,0.0
J0650+4000,-2.27,6068.0,3.95,5,0.0,0.0,0.0,0.16731719336506373,0.22318002634642625
J0705+2552,-3.32,5271.0,3.06,5,0.0,0.0,0.0,0.0,0.0
J0637+4308,-2.97,6189.0,4.07,5,0.0,0.0,0.0,0.0,0.0
J2156+0809,-3.0,6300.0,4.16,4,0.0,0.0,0.0,0.0,0.0
J2147+4146,-1.95,6290.0,4.46,9,0.0,0.0,0.0,0.11056074858795077,0.18748322837821751
J2141+3019,-2.14,5956.0,4.44,8,0.0,0.0,0.0,0.13922588997288757,0.18748322837821751
J2114-0616,-2.55,4727.0,1.69,10,0.0,0.0,0.0,0.14266084952102953,0.17990473459355127
J1958+5533,-2.44,6133.0,3.9,9,0.0,0.0,0.0,0.0,0.0
J1940+5443,-1.83,6035.0,3.91,9,0.0,0.0,0.0,0.13922588997288757,0.18748322837821751
J1628+5150,-2.96,6467.0,3.89,4,0.0,0.0,0.0,0.0,0.0
J1641+0334,-3.26,5064.0,1.9,4,0.0,0.0,0.0,0.0,0.0
J1503-0007,-3.47,5694.0,4.53,3,0.0,0.0,0.0,0.0,0.0
J1516+1103,-2.97,5820.0,2.28,6,0.0,0.0,0.0,0.16770498318010923,0.16988596479352086
J1542+2115,-3.07,5400.0,2.11,5,0.0,0.0,0.0,0.13479904663093067,0.1598784755308471
J1542+5152,-2.25,6317.0,4.15,4,0.0,0.0,0.0,0.0,0.0
J1544+0901,-2.81,6583.0,3.93,4,0.0,0.0,0.0,0.0,0.0
J0913+0726,-2.03,6015.0,4.44,9,0.0,0.0,0.0,0.11056074858795077,0.18748322837821751
J1650+0438,-3.59,5112.0,2.36,5,0.0,0.0,0.0,0.0,0.0
J0908+3119,-3.74,4674.0,2.06,4,0.0,0.0,0.0,0.0,0.13479904663093067
J2344+0204,-2.75,6222.0,4.48,5,0.0,0.0,0.0,0.0,0.0
J0102+1052,-3.11,5995.0,4.52,3,0.0,0.0,0.0,0.0,0.13479904663093067
J1705+0855,-2.95,6306.0,4.32,4,0.0,0.0,0.0,0.0,0.0
J1705+3333,-2.32,6370.0,4.08,6,0.0,0.0,0.0,0.16731719336506373,0.22318002634642625
J1658+4329,-2.98,6454.0,3.98,4,0.0,0.0,0.0,0.0,0.0
J0013+2350,-2.26,6093.0,3.98,7,0.0,0.0,0.0,0.1691450175138986,0.22459805647421272
J0352+0514,-3.15,5880.0,4.23,4,0.0,0.0,0.0,0.0,0.0
J2350+0236,-2.97,6366.0,4.2,5,0.0,0.0,0.0,0.0,0.0
J1810+5121,-3.3,6213.0,4.33,4,0.0,0.0,0.0,0.0,0.0
J1757+2435,-2.81,5768.0,2.41,6,0.0,0.0,0.0,0.0,0.0
J0002+0343,-3.02,6207.0,4.16,4,0.0,0.0,0.0,0.0,0.0
J0006+0123,-2.27,5675.0,3.23,10,0.0,0.0,0.0,0.14205334736406683,0.16988596479352086
J0022+4254,-2.99,6566.0,3.98,3,0.0,0.0,0.0,0.0,0.0
J2226+3653,-2.19,6008.0,4.46,9,0.0,0.0,0.0,0.0,0.0
J2227+1425,-3.38,4976.0,1.86,6,0.0,0.0,0.0,0.0,0.10122389454340627
J2241+2924,-3.73,6394.0,4.07,2,0.0,0.0,0.0,0.0,0.13479904663093067
