table	metallicity	isotope	model	production_factor
13A	0.01 Z_sun	1H	T12A	0.84
13A	0.01 Z_sun	1H	T13A	0.82
13A	0.01 Z_sun	1H	T15A	0.78
13A	0.01 Z_sun	1H	T18A	0.73
13A	0.01 Z_sun	1H	T20A	0.71
13A	0.01 Z_sun	1H	T22A	0.68
13A	0.01 Z_sun	1H	T25A	0.63
13A	0.01 Z_sun	2H	T12A	0.17
13A	0.01 Z_sun	2H	T13A	0.16
13A	0.01 Z_sun	2H	T15A	0.14
13A	0.01 Z_sun	2H	T18A	0.12
13A	0.01 Z_sun	2H	T20A	0.12
13A	0.01 Z_sun	2H	T22A	0.11
13A	0.01 Z_sun	2H	T25A	0.10
13A	0.01 Z_sun	3He	T12A	1.19
13A	0.01 Z_sun	3He	T13A	1.14
13A	0.01 Z_sun	3He	T15A	1.08
13A	0.01 Z_sun	3He	T18A	1.00
13A	0.01 Z_sun	3He	T20A	0.97
13A	0.01 Z_sun	3He	T22A	0.94
13A	0.01 Z_sun	3He	T25A	0.88
13A	0.01 Z_sun	4He	T12A	1.33
13A	0.01 Z_sun	4He	T13A	1.34
13A	0.01 Z_sun	4He	T15A	1.37
13A	0.01 Z_sun	4He	T18A	1.38
13A	0.01 Z_sun	4He	T20A	1.33
13A	0.01 Z_sun	4He	T22A	1.36
13A	0.01 Z_sun	4He	T25A	1.37
13A	0.01 Z_sun	6Li	T12A	0.00
13A	0.01 Z_sun	6Li	T13A	0.00
13A	0.01 Z_sun	6Li	T15A	0.00
13A	0.01 Z_sun	6Li	T18A	0.00
13A	0.01 Z_sun	6Li	T20A	0.00
13A	0.01 Z_sun	6Li	T22A	0.00
13A	0.01 Z_sun	6Li	T25A	0.00
13A	0.01 Z_sun	7Li	T12A	5.01
13A	0.01 Z_sun	7Li	T13A	3.82
13A	0.01 Z_sun	7Li	T15A	3.05
13A	0.01 Z_sun	7Li	T18A	2.53
13A	0.01 Z_sun	7Li	T20A	1.56
13A	0.01 Z_sun	7Li	T22A	1.79
13A	0.01 Z_sun	7Li	T25A	2.15
13A	0.01 Z_sun	9Be	T12A	0.01
13A	0.01 Z_sun	9Be	T13A	0.00
13A	0.01 Z_sun	9Be	T15A	0.00
13A	0.01 Z_sun	9Be	T18A	0.00
13A	0.01 Z_sun	9Be	T20A	0.00
13A	0.01 Z_sun	9Be	T22A	0.00
13A	0.01 Z_sun	9Be	T25A	0.00
13A	0.01 Z_sun	10B	T12A	0.00
13A	0.01 Z_sun	10B	T13A	0.00
13A	0.01 Z_sun	10B	T15A	0.00
13A	0.01 Z_sun	10B	T18A	0.00
13A	0.01 Z_sun	10B	T20A	0.00
13A	0.01 Z_sun	10B	T22A	0.00
13A	0.01 Z_sun	10B	T25A	0.00
13A	0.01 Z_sun	11B	T12A	10.73
13A	0.01 Z_sun	11B	T13A	10.92
13A	0.01 Z_sun	11B	T15A	10.26
13A	0.01 Z_sun	11B	T18A	7.19
13A	0.01 Z_sun	11B	T20A	7.28
13A	0.01 Z_sun	11B	T22A	7.57
13A	0.01 Z_sun	11B	T25A	6.95
13A	0.01 Z_sun	12C	T12A	2.79
13A	0.01 Z_sun	12C	T13A	3.08
13A	0.01 Z_sun	12C	T15A	3.64
13A	0.01 Z_sun	12C	T18A	3.88
13A	0.01 Z_sun	12C	T20A	3.79
13A	0.01 Z_sun	12C	T22A	4.07
13A	0.01 Z_sun	12C	T25A	3.95
13A	0.01 Z_sun	13C	T12A	0.02
13A	0.01 Z_sun	13C	T13A	0.02
13A	0.01 Z_sun	13C	T15A	0.03
13A	0.01 Z_sun	13C	T18A	0.02
13A	0.01 Z_sun	13C	T20A	0.03
13A	0.01 Z_sun	13C	T22A	0.03
13A	0.01 Z_sun	13C	T25A	0.04
13A	0.01 Z_sun	14N	T12A	0.03
13A	0.01 Z_sun	14N	T13A	0.03
13A	0.01 Z_sun	14N	T15A	0.04
13A	0.01 Z_sun	14N	T18A	0.03
13A	0.01 Z_sun	14N	T20A	0.03
13A	0.01 Z_sun	14N	T22A	0.04
13A	0.01 Z_sun	14N	T25A	0.04
13A	0.01 Z_sun	15N	T12A	0.16
13A	0.01 Z_sun	15N	T13A	0.22
13A	0.01 Z_sun	15N	T15A	0.39
13A	0.01 Z_sun	15N	T18A	0.68
13A	0.01 Z_sun	15N	T20A	1.20
13A	0.01 Z_sun	15N	T22A	1.15
13A	0.01 Z_sun	15N	T25A	1.29
13A	0.01 Z_sun	16O	T12A	1.39
13A	0.01 Z_sun	16O	T13A	1.88
13A	0.01 Z_sun	16O	T15A	3.26
13A	0.01 Z_sun	16O	T18A	6.01
13A	0.01 Z_sun	16O	T20A	9.28
13A	0.01 Z_sun	16O	T22A	10.06
13A	0.01 Z_sun	16O	T25A	12.69
13A	0.01 Z_sun	17O	T12A	0.43
13A	0.01 Z_sun	17O	T13A	0.37
13A	0.01 Z_sun	17O	T15A	0.26
13A	0.01 Z_sun	17O	T18A	0.18
13A	0.01 Z_sun	17O	T20A	0.16
13A	0.01 Z_sun	17O	T22A	0.13
13A	0.01 Z_sun	17O	T25A	0.10
13A	0.01 Z_sun	18O	T12A	0.07
13A	0.01 Z_sun	18O	T13A	0.11
13A	0.01 Z_sun	18O	T15A	0.14
13A	0.01 Z_sun	18O	T18A	0.22
13A	0.01 Z_sun	18O	T20A	0.16
13A	0.01 Z_sun	18O	T22A	0.05
13A	0.01 Z_sun	18O	T25A	0.03
13A	0.01 Z_sun	19F	T12A	0.59
13A	0.01 Z_sun	19F	T13A	0.46
13A	0.01 Z_sun	19F	T15A	0.79
13A	0.01 Z_sun	19F	T18A	4.74
13A	0.01 Z_sun	19F	T20A	0.47
13A	0.01 Z_sun	19F	T22A	0.28
13A	0.01 Z_sun	19F	T25A	0.30
13A	0.01 Z_sun	20Ne	T12A	0.56
13A	0.01 Z_sun	20Ne	T13A	1.33
13A	0.01 Z_sun	20Ne	T15A	1.84
13A	0.01 Z_sun	20Ne	T18A	6.91
13A	0.01 Z_sun	20Ne	T20A	1.87
13A	0.01 Z_sun	20Ne	T22A	1.27
13A	0.01 Z_sun	20Ne	T25A	1.17
13A	0.01 Z_sun	21Ne	T12A	0.24
13A	0.01 Z_sun	21Ne	T13A	0.31
13A	0.01 Z_sun	21Ne	T15A	0.42
13A	0.01 Z_sun	21Ne	T18A	1.10
13A	0.01 Z_sun	21Ne	T20A	0.18
13A	0.01 Z_sun	21Ne	T22A	0.22
13A	0.01 Z_sun	21Ne	T25A	0.16
13A	0.01 Z_sun	22Ne	T12A	0.08
13A	0.01 Z_sun	22Ne	T13A	0.02
13A	0.01 Z_sun	22Ne	T15A	0.03
13A	0.01 Z_sun	22Ne	T18A	0.12
13A	0.01 Z_sun	22Ne	T20A	0.10
13A	0.01 Z_sun	22Ne	T22A	0.14
13A	0.01 Z_sun	22Ne	T25A	0.15
13A	0.01 Z_sun	23Na	T12A	0.14
13A	0.01 Z_sun	23Na	T13A	0.18
13A	0.01 Z_sun	23Na	T15A	0.26
13A	0.01 Z_sun	23Na	T18A	2.12
13A	0.01 Z_sun	23Na	T20A	0.13
13A	0.01 Z_sun	23Na	T22A	0.26
13A	0.01 Z_sun	23Na	T25A	0.30
13A	0.01 Z_sun	24Mg	T12A	1.06
13A	0.01 Z_sun	24Mg	T13A	1.78
13A	0.01 Z_sun	24Mg	T15A	3.05
13A	0.01 Z_sun	24Mg	T18A	4.22
13A	0.01 Z_sun	24Mg	T20A	1.79
13A	0.01 Z_sun	24Mg	T22A	5.55
13A	0.01 Z_sun	24Mg	T25A	3.31
13A	0.01 Z_sun	25Mg	T12A	0.07
13A	0.01 Z_sun	25Mg	T13A	0.10
13A	0.01 Z_sun	25Mg	T15A	0.18
13A	0.01 Z_sun	25Mg	T18A	0.33
13A	0.01 Z_sun	25Mg	T20A	0.11
13A	0.01 Z_sun	25Mg	T22A	0.16
13A	0.01 Z_sun	25Mg	T25A	0.12
13A	0.01 Z_sun	26Mg	T12A	0.04
13A	0.01 Z_sun	26Mg	T13A	0.04
13A	0.01 Z_sun	26Mg	T15A	0.12
13A	0.01 Z_sun	26Mg	T18A	0.27
13A	0.01 Z_sun	26Mg	T20A	0.06
13A	0.01 Z_sun	26Mg	T22A	0.12
13A	0.01 Z_sun	26Mg	T25A	0.11
13A	0.01 Z_sun	27Al	T12A	0.21
13A	0.01 Z_sun	27Al	T13A	0.30
13A	0.01 Z_sun	27Al	T15A	0.94
13A	0.01 Z_sun	27Al	T18A	1.02
13A	0.01 Z_sun	27Al	T20A	1.01
13A	0.01 Z_sun	27Al	T22A	2.68
13A	0.01 Z_sun	27Al	T25A	2.09
13A	0.01 Z_sun	28Si	T12A	4.49
13A	0.01 Z_sun	28Si	T13A	5.46
13A	0.01 Z_sun	28Si	T15A	8.30
13A	0.01 Z_sun	28Si	T18A	9.39
13A	0.01 Z_sun	28Si	T20A	20.64
13A	0.01 Z_sun	28Si	T22A	23.74
13A	0.01 Z_sun	28Si	T25A	25.33
13A	0.01 Z_sun	29Si	T12A	0.23
13A	0.01 Z_sun	29Si	T13A	0.32
13A	0.01 Z_sun	29Si	T15A	0.72
13A	0.01 Z_sun	29Si	T18A	0.52
13A	0.01 Z_sun	29Si	T20A	1.64
13A	0.01 Z_sun	29Si	T22A	2.00
13A	0.01 Z_sun	29Si	T25A	2.18
13A	0.01 Z_sun	30Si	T12A	0.09
13A	0.01 Z_sun	30Si	T13A	0.15
13A	0.01 Z_sun	30Si	T15A	0.76
13A	0.01 Z_sun	30Si	T18A	0.37
13A	0.01 Z_sun	30Si	T20A	1.16
13A	0.01 Z_sun	30Si	T22A	2.51
13A	0.01 Z_sun	30Si	T25A	2.33
13A	0.01 Z_sun	31P	T12A	0.45
13A	0.01 Z_sun	31P	T13A	0.62
13A	0.01 Z_sun	31P	T15A	1.29
13A	0.01 Z_sun	31P	T18A	1.38
13A	0.01 Z_sun	31P	T20A	6.03
13A	0.01 Z_sun	31P	T22A	6.11
13A	0.01 Z_sun	31P	T25A	8.86
13A	0.01 Z_sun	32S	T12A	3.32
13A	0.01 Z_sun	32S	T13A	4.74
13A	0.01 Z_sun	32S	T15A	6.47
13A	0.01 Z_sun	32S	T18A	8.59
13A	0.01 Z_sun	32S	T20A	20.64
13A	0.01 Z_sun	32S	T22A	18.62
13A	0.01 Z_sun	32S	T25A	22.22
13A	0.01 Z_sun	33S	T12A	1.00
13A	0.01 Z_sun	33S	T13A	1.33
13A	0.01 Z_sun	33S	T15A	2.17
13A	0.01 Z_sun	33S	T18A	2.86
13A	0.01 Z_sun	33S	T20A	15.15
13A	0.01 Z_sun	33S	T22A	11.07
13A	0.01 Z_sun	33S	T25A	20.36
13A	0.01 Z_sun	34S	T12A	0.14
13A	0.01 Z_sun	34S	T13A	0.18
13A	0.01 Z_sun	34S	T15A	0.57
13A	0.01 Z_sun	34S	T18A	0.69
13A	0.01 Z_sun	34S	T20A	4.66
13A	0.01 Z_sun	34S	T22A	2.32
13A	0.01 Z_sun	34S	T25A	3.55
13A	0.01 Z_sun	36S	T12A	0.01
13A	0.01 Z_sun	36S	T13A	0.02
13A	0.01 Z_sun	36S	T15A	0.03
13A	0.01 Z_sun	36S	T18A	0.02
13A	0.01 Z_sun	36S	T20A	0.21
13A	0.01 Z_sun	36S	T22A	0.14
13A	0.01 Z_sun	36S	T25A	0.21
13A	0.01 Z_sun	35Cl	T12A	0.35
13A	0.01 Z_sun	35Cl	T13A	0.46
13A	0.01 Z_sun	35Cl	T15A	0.97
13A	0.01 Z_sun	35Cl	T18A	1.87
13A	0.01 Z_sun	35Cl	T20A	15.64
13A	0.01 Z_sun	35Cl	T22A	9.31
13A	0.01 Z_sun	35Cl	T25A	22.64
13A	0.01 Z_sun	37Cl	T12A	0.24
13A	0.01 Z_sun	37Cl	T13A	0.28
13A	0.01 Z_sun	37Cl	T15A	0.46
13A	0.01 Z_sun	37Cl	T18A	1.22
13A	0.01 Z_sun	37Cl	T20A	11.37
13A	0.01 Z_sun	37Cl	T22A	5.05
13A	0.01 Z_sun	37Cl	T25A	14.43
13A	0.01 Z_sun	36Ar	T12A	3.42
13A	0.01 Z_sun	36Ar	T13A	5.37
13A	0.01 Z_sun	36Ar	T15A	6.66
13A	0.01 Z_sun	36Ar	T18A	8.89
13A	0.01 Z_sun	36Ar	T20A	26.29
13A	0.01 Z_sun	36Ar	T22A	18.41
13A	0.01 Z_sun	36Ar	T25A	27.77
13A	0.01 Z_sun	38Ar	T12A	0.07
13A	0.01 Z_sun	38Ar	T13A	0.09
13A	0.01 Z_sun	38Ar	T15A	0.27
13A	0.01 Z_sun	38Ar	T18A	1.13
13A	0.01 Z_sun	38Ar	T20A	4.71
13A	0.01 Z_sun	38Ar	T22A	1.40
13A	0.01 Z_sun	38Ar	T25A	3.19
13A	0.01 Z_sun	40Ar	T12A	0.01
13A	0.01 Z_sun	40Ar	T13A	0.04
13A	0.01 Z_sun	40Ar	T15A	0.04
13A	0.01 Z_sun	40Ar	T18A	0.04
13A	0.01 Z_sun	40Ar	T20A	0.34
13A	0.01 Z_sun	40Ar	T22A	0.23
13A	0.01 Z_sun	40Ar	T25A	0.44
13A	0.01 Z_sun	39K	T12A	0.29
13A	0.01 Z_sun	39K	T13A	0.34
13A	0.01 Z_sun	39K	T15A	0.57
13A	0.01 Z_sun	39K	T18A	1.54
13A	0.01 Z_sun	39K	T20A	9.01
13A	0.01 Z_sun	39K	T22A	4.62
13A	0.01 Z_sun	39K	T25A	12.98
13A	0.01 Z_sun	40K	T12A	0.06
13A	0.01 Z_sun	40K	T13A	0.09
13A	0.01 Z_sun	40K	T15A	0.19
13A	0.01 Z_sun	40K	T18A	0.69
13A	0.01 Z_sun	40K	T20A	12.08
13A	0.01 Z_sun	40K	T22A	7.79
13A	0.01 Z_sun	40K	T25A	16.16
13A	0.01 Z_sun	41K	T12A	0.41
13A	0.01 Z_sun	41K	T13A	0.43
13A	0.01 Z_sun	41K	T15A	0.58
13A	0.01 Z_sun	41K	T18A	1.42
13A	0.01 Z_sun	41K	T20A	8.16
13A	0.01 Z_sun	41K	T22A	4.28
13A	0.01 Z_sun	41K	T25A	11.67
13A	0.01 Z_sun	40Ca	T12A	4.10
13A	0.01 Z_sun	40Ca	T13A	7.04
13A	0.01 Z_sun	40Ca	T15A	7.98
13A	0.01 Z_sun	40Ca	T18A	10.06
13A	0.01 Z_sun	40Ca	T20A	16.94
13A	0.01 Z_sun	40Ca	T22A	16.09
13A	0.01 Z_sun	40Ca	T25A	13.94
13A	0.01 Z_sun	42Ca	T12A	0.23
13A	0.01 Z_sun	42Ca	T13A	0.21
13A	0.01 Z_sun	42Ca	T15A	0.40
13A	0.01 Z_sun	42Ca	T18A	1.59
13A	0.01 Z_sun	42Ca	T20A	9.18
13A	0.01 Z_sun	42Ca	T22A	2.40
13A	0.01 Z_sun	42Ca	T25A	7.97
13A	0.01 Z_sun	43Ca	T12A	0.41
13A	0.01 Z_sun	43Ca	T13A	0.41
13A	0.01 Z_sun	43Ca	T15A	0.52
13A	0.01 Z_sun	43Ca	T18A	0.32
13A	0.01 Z_sun	43Ca	T20A	0.81
13A	0.01 Z_sun	43Ca	T22A	0.30
13A	0.01 Z_sun	43Ca	T25A	0.87
13A	0.01 Z_sun	44Ca	T12A	4.04
13A	0.01 Z_sun	44Ca	T13A	3.86
13A	0.01 Z_sun	44Ca	T15A	4.70
13A	0.01 Z_sun	44Ca	T18A	2.10
13A	0.01 Z_sun	44Ca	T20A	0.50
13A	0.01 Z_sun	44Ca	T22A	0.52
13A	0.01 Z_sun	44Ca	T25A	3.38
13A	0.01 Z_sun	46Ca	T12A	0.00
13A	0.01 Z_sun	46Ca	T13A	0.03
13A	0.01 Z_sun	46Ca	T15A	0.02
13A	0.01 Z_sun	46Ca	T18A	0.01
13A	0.01 Z_sun	46Ca	T20A	0.01
13A	0.01 Z_sun	46Ca	T22A	0.01
13A	0.01 Z_sun	46Ca	T25A	0.00
13A	0.01 Z_sun	48Ca	T12A	0.00
13A	0.01 Z_sun	48Ca	T13A	0.00
13A	0.01 Z_sun	48Ca	T15A	0.00
13A	0.01 Z_sun	48Ca	T18A	0.00
13A	0.01 Z_sun	48Ca	T20A	0.00
13A	0.01 Z_sun	48Ca	T22A	0.00
13A	0.01 Z_sun	48Ca	T25A	0.00
13A	0.01 Z_sun	45Sc	T12A	4.05
13A	0.01 Z_sun	45Sc	T13A	4.89
13A	0.01 Z_sun	45Sc	T15A	6.25
13A	0.01 Z_sun	45Sc	T18A	3.37
13A	0.01 Z_sun	45Sc	T20A	0.94
13A	0.01 Z_sun	45Sc	T22A	0.74
13A	0.01 Z_sun	45Sc	T25A	4.48
13A	0.01 Z_sun	46Ti	T12A	0.93
13A	0.01 Z_sun	46Ti	T13A	0.74
13A	0.01 Z_sun	46Ti	T15A	0.74
13A	0.01 Z_sun	46Ti	T18A	1.20
13A	0.01 Z_sun	46Ti	T20A	2.27
13A	0.01 Z_sun	46Ti	T22A	0.78
13A	0.01 Z_sun	46Ti	T25A	2.23
13A	0.01 Z_sun	47Ti	T12A	0.39
13A	0.01 Z_sun	47Ti	T13A	0.40
13A	0.01 Z_sun	47Ti	T15A	0.54
13A	0.01 Z_sun	47Ti	T18A	0.24
13A	0.01 Z_sun	47Ti	T20A	0.21
13A	0.01 Z_sun	47Ti	T22A	0.17
13A	0.01 Z_sun	47Ti	T25A	0.42
13A	0.01 Z_sun	48Ti	T12A	6.35
13A	0.01 Z_sun	48Ti	T13A	7.74
13A	0.01 Z_sun	48Ti	T15A	8.40
13A	0.01 Z_sun	48Ti	T18A	5.40
13A	0.01 Z_sun	48Ti	T20A	4.31
13A	0.01 Z_sun	48Ti	T22A	4.70
13A	0.01 Z_sun	48Ti	T25A	6.15
13A	0.01 Z_sun	49Ti	T12A	2.24
13A	0.01 Z_sun	49Ti	T13A	2.95
13A	0.01 Z_sun	49Ti	T15A	3.14
13A	0.01 Z_sun	49Ti	T18A	2.69
13A	0.01 Z_sun	49Ti	T20A	2.92
13A	0.01 Z_sun	49Ti	T22A	2.98
13A	0.01 Z_sun	49Ti	T25A	2.55
13A	0.01 Z_sun	50Ti	T12A	0.00
13A	0.01 Z_sun	50Ti	T13A	0.00
13A	0.01 Z_sun	50Ti	T15A	0.00
13A	0.01 Z_sun	50Ti	T18A	0.00
13A	0.01 Z_sun	50Ti	T20A	0.00
13A	0.01 Z_sun	50Ti	T22A	0.00
13A	0.01 Z_sun	50Ti	T25A	0.00
13A	0.01 Z_sun	50V	T12A	0.02
13A	0.01 Z_sun	50V	T13A	0.04
13A	0.01 Z_sun	50V	T15A	0.11
13A	0.01 Z_sun	50V	T18A	0.33
13A	0.01 Z_sun	50V	T20A	0.49
13A	0.01 Z_sun	50V	T22A	0.36
13A	0.01 Z_sun	50V	T25A	0.47
13A	0.01 Z_sun	51V	T12A	0.91
13A	0.01 Z_sun	51V	T13A	1.89
13A	0.01 Z_sun	51V	T15A	2.12
13A	0.01 Z_sun	51V	T18A	2.74
13A	0.01 Z_sun	51V	T20A	3.48
13A	0.01 Z_sun	51V	T22A	3.39
13A	0.01 Z_sun	51V	T25A	2.08
13A	0.01 Z_sun	50Cr	T12A	0.15
13A	0.01 Z_sun	50Cr	T13A	0.24
13A	0.01 Z_sun	50Cr	T15A	0.51
13A	0.01 Z_sun	50Cr	T18A	1.30
13A	0.01 Z_sun	50Cr	T20A	1.13
13A	0.01 Z_sun	50Cr	T22A	0.88
13A	0.01 Z_sun	50Cr	T25A	0.68
13A	0.01 Z_sun	52Cr	T12A	4.72
13A	0.01 Z_sun	52Cr	T13A	9.29
13A	0.01 Z_sun	52Cr	T15A	8.22
13A	0.01 Z_sun	52Cr	T18A	9.00
13A	0.01 Z_sun	52Cr	T20A	11.73
13A	0.01 Z_sun	52Cr	T22A	12.30
13A	0.01 Z_sun	52Cr	T25A	7.29
13A	0.01 Z_sun	53Cr	T12A	1.97
13A	0.01 Z_sun	53Cr	T13A	3.71
13A	0.01 Z_sun	53Cr	T15A	3.68
13A	0.01 Z_sun	53Cr	T18A	4.40
13A	0.01 Z_sun	53Cr	T20A	5.31
13A	0.01 Z_sun	53Cr	T22A	5.39
13A	0.01 Z_sun	53Cr	T25A	3.34
13A	0.01 Z_sun	54Cr	T12A	0.01
13A	0.01 Z_sun	54Cr	T13A	0.02
13A	0.01 Z_sun	54Cr	T15A	0.04
13A	0.01 Z_sun	54Cr	T18A	0.08
13A	0.01 Z_sun	54Cr	T20A	0.08
13A	0.01 Z_sun	54Cr	T22A	0.07
13A	0.01 Z_sun	54Cr	T25A	0.05
13A	0.01 Z_sun	55Mn	T12A	1.86
13A	0.01 Z_sun	55Mn	T13A	2.61
13A	0.01 Z_sun	55Mn	T15A	2.62
13A	0.01 Z_sun	55Mn	T18A	2.37
13A	0.01 Z_sun	55Mn	T20A	2.11
13A	0.01 Z_sun	55Mn	T22A	2.07
13A	0.01 Z_sun	55Mn	T25A	1.87
13A	0.01 Z_sun	54Fe	T12A	0.18
13A	0.01 Z_sun	54Fe	T13A	0.34
13A	0.01 Z_sun	54Fe	T15A	0.61
13A	0.01 Z_sun	54Fe	T18A	1.14
13A	0.01 Z_sun	54Fe	T20A	1.03
13A	0.01 Z_sun	54Fe	T22A	0.96
13A	0.01 Z_sun	54Fe	T25A	0.59
13A	0.01 Z_sun	56Fe	T12A	12.23
13A	0.01 Z_sun	56Fe	T13A	14.06
13A	0.01 Z_sun	56Fe	T15A	10.87
13A	0.01 Z_sun	56Fe	T18A	7.03
13A	0.01 Z_sun	56Fe	T20A	3.47
13A	0.01 Z_sun	56Fe	T22A	4.24
13A	0.01 Z_sun	56Fe	T25A	7.02
13A	0.01 Z_sun	57Fe	T12A	18.60
13A	0.01 Z_sun	57Fe	T13A	18.90
13A	0.01 Z_sun	57Fe	T15A	14.76
13A	0.01 Z_sun	57Fe	T18A	7.23
13A	0.01 Z_sun	57Fe	T20A	1.42
13A	0.01 Z_sun	57Fe	T22A	2.10
13A	0.01 Z_sun	57Fe	T25A	7.61
13A	0.01 Z_sun	58Fe	T12A	0.10
13A	0.01 Z_sun	58Fe	T13A	0.09
13A	0.01 Z_sun	58Fe	T15A	0.09
13A	0.01 Z_sun	58Fe	T18A	0.03
13A	0.01 Z_sun	58Fe	T20A	0.02
13A	0.01 Z_sun	58Fe	T22A	0.03
13A	0.01 Z_sun	58Fe	T25A	0.03
13A	0.01 Z_sun	59Co	T12A	7.65
13A	0.01 Z_sun	59Co	T13A	7.43
13A	0.01 Z_sun	59Co	T15A	5.84
13A	0.01 Z_sun	59Co	T18A	1.27
13A	0.01 Z_sun	59Co	T20A	0.07
13A	0.01 Z_sun	59Co	T22A	0.13
13A	0.01 Z_sun	59Co	T25A	2.75
13A	0.01 Z_sun	58Ni	T12A	9.79
13A	0.01 Z_sun	58Ni	T13A	8.93
13A	0.01 Z_sun	58Ni	T15A	6.12
13A	0.01 Z_sun	58Ni	T18A	0.53
13A	0.01 Z_sun	58Ni	T20A	0.26
13A	0.01 Z_sun	58Ni	T22A	0.30
13A	0.01 Z_sun	58Ni	T25A	1.28
13A	0.01 Z_sun	60Ni	T12A	22.20
13A	0.01 Z_sun	60Ni	T13A	23.02
13A	0.01 Z_sun	60Ni	T15A	18.75
13A	0.01 Z_sun	60Ni	T18A	9.71
13A	0.01 Z_sun	60Ni	T20A	0.38
13A	0.01 Z_sun	60Ni	T22A	1.42
13A	0.01 Z_sun	60Ni	T25A	10.91
13A	0.01 Z_sun	61Ni	T12A	28.22
13A	0.01 Z_sun	61Ni	T13A	28.83
13A	0.01 Z_sun	61Ni	T15A	23.59
13A	0.01 Z_sun	61Ni	T18A	9.98
13A	0.01 Z_sun	61Ni	T20A	0.29
13A	0.01 Z_sun	61Ni	T22A	1.40
13A	0.01 Z_sun	61Ni	T25A	13.76
13A	0.01 Z_sun	62Ni	T12A	30.48
13A	0.01 Z_sun	62Ni	T13A	28.56
13A	0.01 Z_sun	62Ni	T15A	22.27
13A	0.01 Z_sun	62Ni	T18A	4.49
13A	0.01 Z_sun	62Ni	T20A	0.06
13A	0.01 Z_sun	62Ni	T22A	0.04
13A	0.01 Z_sun	62Ni	T25A	7.59
13A	0.01 Z_sun	64Ni	T12A	0.01
13A	0.01 Z_sun	64Ni	T13A	0.01
13A	0.01 Z_sun	64Ni	T15A	0.03
13A	0.01 Z_sun	64Ni	T18A	0.07
13A	0.01 Z_sun	64Ni	T20A	0.05
13A	0.01 Z_sun	64Ni	T22A	0.08
13A	0.01 Z_sun	64Ni	T25A	0.07
13A	0.01 Z_sun	63Cu	T12A	1.83
13A	0.01 Z_sun	63Cu	T13A	1.95
13A	0.01 Z_sun	63Cu	T15A	2.43
13A	0.01 Z_sun	63Cu	T18A	0.86
13A	0.01 Z_sun	63Cu	T20A	0.05
13A	0.01 Z_sun	63Cu	T22A	0.06
13A	0.01 Z_sun	63Cu	T25A	0.89
13A	0.01 Z_sun	65Cu	T12A	0.46
13A	0.01 Z_sun	65Cu	T13A	0.47
13A	0.01 Z_sun	65Cu	T15A	0.50
13A	0.01 Z_sun	65Cu	T18A	0.23
13A	0.01 Z_sun	65Cu	T20A	0.06
13A	0.01 Z_sun	65Cu	T22A	0.19
13A	0.01 Z_sun	65Cu	T25A	0.36
13A	0.01 Z_sun	64Zn	T12A	13.73
13A	0.01 Z_sun	64Zn	T13A	13.04
13A	0.01 Z_sun	64Zn	T15A	11.27
13A	0.01 Z_sun	64Zn	T18A	4.76
13A	0.01 Z_sun	64Zn	T20A	0.17
13A	0.01 Z_sun	64Zn	T22A	1.38
13A	0.01 Z_sun	64Zn	T25A	3.54
13A	0.01 Z_sun	66Zn	T12A	3.50
13A	0.01 Z_sun	66Zn	T13A	3.35
13A	0.01 Z_sun	66Zn	T15A	2.77
13A	0.01 Z_sun	66Zn	T18A	0.76
13A	0.01 Z_sun	66Zn	T20A	0.13
13A	0.01 Z_sun	66Zn	T22A	0.14
13A	0.01 Z_sun	66Zn	T25A	1.25
13A	0.01 Z_sun	67Zn	T12A	0.04
13A	0.01 Z_sun	67Zn	T13A	0.04
13A	0.01 Z_sun	67Zn	T15A	0.06
13A	0.01 Z_sun	67Zn	T18A	0.08
13A	0.01 Z_sun	67Zn	T20A	0.04
13A	0.01 Z_sun	67Zn	T22A	0.05
13A	0.01 Z_sun	67Zn	T25A	0.07
13A	0.01 Z_sun	68Zn	T12A	0.01
13A	0.01 Z_sun	68Zn	T13A	0.01
13A	0.01 Z_sun	68Zn	T15A	0.02
13A	0.01 Z_sun	68Zn	T18A	0.07
13A	0.01 Z_sun	68Zn	T20A	0.07
13A	0.01 Z_sun	68Zn	T22A	0.12
13A	0.01 Z_sun	68Zn	T25A	0.12
13A	0.01 Z_sun	70Zn	T12A	0.01
13A	0.01 Z_sun	70Zn	T13A	0.01
13A	0.01 Z_sun	70Zn	T15A	0.02
13A	0.01 Z_sun	70Zn	T18A	0.01
13A	0.01 Z_sun	70Zn	T20A	0.02
13A	0.01 Z_sun	70Zn	T22A	0.03
13A	0.01 Z_sun	70Zn	T25A	0.03
13A	0.01 Z_sun	69Ga	T12A	0.02
13A	0.01 Z_sun	69Ga	T13A	0.03
13A	0.01 Z_sun	69Ga	T15A	0.07
13A	0.01 Z_sun	69Ga	T18A	0.13
13A	0.01 Z_sun	69Ga	T20A	0.19
13A	0.01 Z_sun	69Ga	T22A	0.34
13A	0.01 Z_sun	69Ga	T25A	0.50
13A	0.01 Z_sun	71Ga	T12A	0.05
13A	0.01 Z_sun	71Ga	T13A	0.08
13A	0.01 Z_sun	71Ga	T15A	0.19
13A	0.01 Z_sun	71Ga	T18A	0.75
13A	0.01 Z_sun	71Ga	T20A	0.65
13A	0.01 Z_sun	71Ga	T22A	0.91
13A	0.01 Z_sun	71Ga	T25A	1.05
13A	0.01 Z_sun	70Ge	T12A	0.04
13A	0.01 Z_sun	70Ge	T13A	0.05
13A	0.01 Z_sun	70Ge	T15A	0.15
13A	0.01 Z_sun	70Ge	T18A	0.28
13A	0.01 Z_sun	70Ge	T20A	1.23
13A	0.01 Z_sun	70Ge	T22A	1.15
13A	0.01 Z_sun	70Ge	T25A	2.21
13B	0.01 Z_sun	1H	T30A	0.61
13B	0.01 Z_sun	1H	T30B	0.59
13B	0.01 Z_sun	1H	T35A	0.61
13B	0.01 Z_sun	1H	T35B	0.55
13B	0.01 Z_sun	1H	T35C	0.55
13B	0.01 Z_sun	1H	T40A	0.62
13B	0.01 Z_sun	1H	T40B	0.54
13B	0.01 Z_sun	1H	T40C	0.51
13B	0.01 Z_sun	2H	T30A	0.09
13B	0.01 Z_sun	2H	T30B	0.09
13B	0.01 Z_sun	2H	T35A	0.09
13B	0.01 Z_sun	2H	T35B	0.08
13B	0.01 Z_sun	2H	T35C	0.08
13B	0.01 Z_sun	2H	T40A	0.09
13B	0.01 Z_sun	2H	T40B	0.08
13B	0.01 Z_sun	2H	T40C	0.07
13B	0.01 Z_sun	3He	T30A	0.86
13B	0.01 Z_sun	3He	T30B	0.83
13B	0.01 Z_sun	3He	T35A	0.88
13B	0.01 Z_sun	3He	T35B	0.80
13B	0.01 Z_sun	3He	T35C	0.79
13B	0.01 Z_sun	3He	T40A	0.93
13B	0.01 Z_sun	3He	T40B	0.81
13B	0.01 Z_sun	3He	T40C	0.76
13B	0.01 Z_sun	4He	T30A	1.39
13B	0.01 Z_sun	4He	T30B	1.34
13B	0.01 Z_sun	4He	T35A	1.47
13B	0.01 Z_sun	4He	T35B	1.33
13B	0.01 Z_sun	4He	T35C	1.32
13B	0.01 Z_sun	4He	T40A	1.62
13B	0.01 Z_sun	4He	T40B	1.41
13B	0.01 Z_sun	4He	T40C	1.33
13B	0.01 Z_sun	6Li	T30A	0.00
13B	0.01 Z_sun	6Li	T30B	0.00
13B	0.01 Z_sun	6Li	T35A	0.00
13B	0.01 Z_sun	6Li	T35B	0.00
13B	0.01 Z_sun	6Li	T35C	0.00
13B	0.01 Z_sun	6Li	T40A	0.00
13B	0.01 Z_sun	6Li	T40B	0.00
13B	0.01 Z_sun	6Li	T40C	0.00
13B	0.01 Z_sun	7Li	T30A	1.83
13B	0.01 Z_sun	7Li	T30B	1.46
13B	0.01 Z_sun	7Li	T35A	1.83
13B	0.01 Z_sun	7Li	T35B	1.31
13B	0.01 Z_sun	7Li	T35C	1.17
13B	0.01 Z_sun	7Li	T40A	1.60
13B	0.01 Z_sun	7Li	T40B	1.16
13B	0.01 Z_sun	7Li	T40C	1.00
13B	0.01 Z_sun	9Be	T30A	0.00
13B	0.01 Z_sun	9Be	T30B	0.00
13B	0.01 Z_sun	9Be	T35A	0.00
13B	0.01 Z_sun	9Be	T35B	0.00
13B	0.01 Z_sun	9Be	T35C	0.00
13B	0.01 Z_sun	9Be	T40A	0.00
13B	0.01 Z_sun	9Be	T40B	0.00
13B	0.01 Z_sun	9Be	T40C	0.00
13B	0.01 Z_sun	10B	T30A	0.00
13B	0.01 Z_sun	10B	T30B	0.00
13B	0.01 Z_sun	10B	T35A	0.00
13B	0.01 Z_sun	10B	T35B	0.00
13B	0.01 Z_sun	10B	T35C	0.00
13B	0.01 Z_sun	10B	T40A	0.00
13B	0.01 Z_sun	10B	T40B	0.00
13B	0.01 Z_sun	10B	T40C	0.00
13B	0.01 Z_sun	11B	T30A	5.40
13B	0.01 Z_sun	11B	T30B	4.83
13B	0.01 Z_sun	11B	T35A	4.54
13B	0.01 Z_sun	11B	T35B	4.39
13B	0.01 Z_sun	11B	T35C	4.17
13B	0.01 Z_sun	11B	T40A	3.64
13B	0.01 Z_sun	11B	T40B	5.29
13B	0.01 Z_sun	11B	T40C	4.86
13B	0.01 Z_sun	12C	T30A	3.86
13B	0.01 Z_sun	12C	T30B	3.72
13B	0.01 Z_sun	12C	T35A	3.79
13B	0.01 Z_sun	12C	T35B	3.55
13B	0.01 Z_sun	12C	T35C	3.50
13B	0.01 Z_sun	12C	T40A	3.60
13B	0.01 Z_sun	12C	T40B	3.58
13B	0.01 Z_sun	12C	T40C	3.36
13B	0.01 Z_sun	13C	T30A	0.03
13B	0.01 Z_sun	13C	T30B	0.02
13B	0.01 Z_sun	13C	T35A	0.03
13B	0.01 Z_sun	13C	T35B	0.02
13B	0.01 Z_sun	13C	T35C	0.02
13B	0.01 Z_sun	13C	T40A	0.03
13B	0.01 Z_sun	13C	T40B	0.02
13B	0.01 Z_sun	13C	T40C	0.02
13B	0.01 Z_sun	14N	T30A	0.04
13B	0.01 Z_sun	14N	T30B	0.04
13B	0.01 Z_sun	14N	T35A	0.04
13B	0.01 Z_sun	14N	T35B	0.04
13B	0.01 Z_sun	14N	T35C	0.04
13B	0.01 Z_sun	14N	T40A	0.05
13B	0.01 Z_sun	14N	T40B	0.04
13B	0.01 Z_sun	14N	T40C	0.04
13B	0.01 Z_sun	15N	T30A	1.17
13B	0.01 Z_sun	15N	T30B	1.24
13B	0.01 Z_sun	15N	T35A	0.65
13B	0.01 Z_sun	15N	T35B	1.18
13B	0.01 Z_sun	15N	T35C	1.12
13B	0.01 Z_sun	15N	T40A	0.29
13B	0.01 Z_sun	15N	T40B	1.07
13B	0.01 Z_sun	15N	T40C	1.19
13B	0.01 Z_sun	16O	T30A	15.40
13B	0.01 Z_sun	16O	T30B	16.58
13B	0.01 Z_sun	16O	T35A	12.84
13B	0.01 Z_sun	16O	T35B	17.98
13B	0.01 Z_sun	16O	T35C	17.67
13B	0.01 Z_sun	16O	T40A	8.74
13B	0.01 Z_sun	16O	T40B	18.03
13B	0.01 Z_sun	16O	T40C	19.27
13B	0.01 Z_sun	17O	T30A	0.08
13B	0.01 Z_sun	17O	T30B	0.07
13B	0.01 Z_sun	17O	T35A	0.06
13B	0.01 Z_sun	17O	T35B	0.05
13B	0.01 Z_sun	17O	T35C	0.05
13B	0.01 Z_sun	17O	T40A	0.06
13B	0.01 Z_sun	17O	T40B	0.05
13B	0.01 Z_sun	17O	T40C	0.05
13B	0.01 Z_sun	18O	T30A	0.01
13B	0.01 Z_sun	18O	T30B	0.01
13B	0.01 Z_sun	18O	T35A	0.01
13B	0.01 Z_sun	18O	T35B	0.01
13B	0.01 Z_sun	18O	T35C	0.01
13B	0.01 Z_sun	18O	T40A	0.00
13B	0.01 Z_sun	18O	T40B	0.00
13B	0.01 Z_sun	18O	T40C	0.00
13B	0.01 Z_sun	19F	T30A	2.34
13B	0.01 Z_sun	19F	T30B	2.04
13B	0.01 Z_sun	19F	T35A	4.96
13B	0.01 Z_sun	19F	T35B	5.54
13B	0.01 Z_sun	19F	T35C	5.24
13B	0.01 Z_sun	19F	T40A	3.48
13B	0.01 Z_sun	19F	T40B	7.80
13B	0.01 Z_sun	19F	T40C	7.00
13B	0.01 Z_sun	20Ne	T30A	8.19
13B	0.01 Z_sun	20Ne	T30B	7.75
13B	0.01 Z_sun	20Ne	T35A	14.75
13B	0.01 Z_sun	20Ne	T35B	17.68
13B	0.01 Z_sun	20Ne	T35C	17.24
13B	0.01 Z_sun	20Ne	T40A	10.55
13B	0.01 Z_sun	20Ne	T40B	22.70
13B	0.01 Z_sun	20Ne	T40C	21.05
13B	0.01 Z_sun	21Ne	T30A	0.73
13B	0.01 Z_sun	21Ne	T30B	0.68
13B	0.01 Z_sun	21Ne	T35A	1.36
13B	0.01 Z_sun	21Ne	T35B	1.52
13B	0.01 Z_sun	21Ne	T35C	1.47
13B	0.01 Z_sun	21Ne	T40A	1.35
13B	0.01 Z_sun	21Ne	T40B	2.49
13B	0.01 Z_sun	21Ne	T40C	2.29
13B	0.01 Z_sun	22Ne	T30A	0.15
13B	0.01 Z_sun	22Ne	T30B	0.14
13B	0.01 Z_sun	22Ne	T35A	0.16
13B	0.01 Z_sun	22Ne	T35B	0.15
13B	0.01 Z_sun	22Ne	T35C	0.14
13B	0.01 Z_sun	22Ne	T40A	0.16
13B	0.01 Z_sun	22Ne	T40B	0.15
13B	0.01 Z_sun	22Ne	T40C	0.14
13B	0.01 Z_sun	23Na	T30A	1.52
13B	0.01 Z_sun	23Na	T30B	1.44
13B	0.01 Z_sun	23Na	T35A	2.99
13B	0.01 Z_sun	23Na	T35B	3.24
13B	0.01 Z_sun	23Na	T35C	3.15
13B	0.01 Z_sun	23Na	T40A	3.06
13B	0.01 Z_sun	23Na	T40B	5.26
13B	0.01 Z_sun	23Na	T40C	4.91
13B	0.01 Z_sun	24Mg	T30A	18.38
13B	0.01 Z_sun	24Mg	T30B	19.13
13B	0.01 Z_sun	24Mg	T35A	11.77
13B	0.01 Z_sun	24Mg	T35B	19.60
13B	0.01 Z_sun	24Mg	T35C	19.20
13B	0.01 Z_sun	24Mg	T40A	4.63
13B	0.01 Z_sun	24Mg	T40B	15.34
13B	0.01 Z_sun	24Mg	T40C	17.26
13B	0.01 Z_sun	25Mg	T30A	0.48
13B	0.01 Z_sun	25Mg	T30B	0.47
13B	0.01 Z_sun	25Mg	T35A	0.74
13B	0.01 Z_sun	25Mg	T35B	0.92
13B	0.01 Z_sun	25Mg	T35C	0.89
13B	0.01 Z_sun	25Mg	T40A	0.47
13B	0.01 Z_sun	25Mg	T40B	1.05
13B	0.01 Z_sun	25Mg	T40C	0.99
13B	0.01 Z_sun	26Mg	T30A	0.39
13B	0.01 Z_sun	26Mg	T30B	0.37
13B	0.01 Z_sun	26Mg	T35A	0.69
13B	0.01 Z_sun	26Mg	T35B	0.83
13B	0.01 Z_sun	26Mg	T35C	0.81
13B	0.01 Z_sun	26Mg	T40A	0.42
13B	0.01 Z_sun	26Mg	T40B	0.97
13B	0.01 Z_sun	26Mg	T40C	0.90
13B	0.01 Z_sun	27Al	T30A	5.87
13B	0.01 Z_sun	27Al	T30B	6.07
13B	0.01 Z_sun	27Al	T35A	3.05
13B	0.01 Z_sun	27Al	T35B	5.20
13B	0.01 Z_sun	27Al	T35C	5.09
13B	0.01 Z_sun	27Al	T40A	1.02
13B	0.01 Z_sun	27Al	T40B	3.90
13B	0.01 Z_sun	27Al	T40C	4.37
13B	0.01 Z_sun	28Si	T30A	6.62
13B	0.01 Z_sun	28Si	T30B	16.87
13B	0.01 Z_sun	28Si	T35A	0.93
13B	0.01 Z_sun	28Si	T35B	12.54
13B	0.01 Z_sun	28Si	T35C	12.58
13B	0.01 Z_sun	28Si	T40A	0.19
13B	0.01 Z_sun	28Si	T40B	1.17
13B	0.01 Z_sun	28Si	T40C	16.57
13B	0.01 Z_sun	29Si	T30A	0.91
13B	0.01 Z_sun	29Si	T30B	1.67
13B	0.01 Z_sun	29Si	T35A	0.41
13B	0.01 Z_sun	29Si	T35B	1.43
13B	0.01 Z_sun	29Si	T35C	1.42
13B	0.01 Z_sun	29Si	T40A	0.12
13B	0.01 Z_sun	29Si	T40B	0.56
13B	0.01 Z_sun	29Si	T40C	1.49
13B	0.01 Z_sun	30Si	T30A	3.29
13B	0.01 Z_sun	30Si	T30B	3.75
13B	0.01 Z_sun	30Si	T35A	0.89
13B	0.01 Z_sun	30Si	T35B	2.15
13B	0.01 Z_sun	30Si	T35C	2.13
13B	0.01 Z_sun	30Si	T40A	0.15
13B	0.01 Z_sun	30Si	T40B	1.08
13B	0.01 Z_sun	30Si	T40C	1.68
13B	0.01 Z_sun	31P	T30A	3.08
13B	0.01 Z_sun	31P	T30B	4.23
13B	0.01 Z_sun	31P	T35A	0.63
13B	0.01 Z_sun	31P	T35B	2.36
13B	0.01 Z_sun	31P	T35C	2.32
13B	0.01 Z_sun	31P	T40A	0.11
13B	0.01 Z_sun	31P	T40B	0.75
13B	0.01 Z_sun	31P	T40C	2.22
13B	0.01 Z_sun	32S	T30A	0.31
13B	0.01 Z_sun	32S	T30B	8.88
13B	0.01 Z_sun	32S	T35A	0.02
13B	0.01 Z_sun	32S	T35B	8.53
13B	0.01 Z_sun	32S	T35C	8.58
13B	0.01 Z_sun	32S	T40A	0.01
13B	0.01 Z_sun	32S	T40B	0.03
13B	0.01 Z_sun	32S	T40C	13.05
13B	0.01 Z_sun	33S	T30A	0.53
13B	0.01 Z_sun	33S	T30B	2.65
13B	0.01 Z_sun	33S	T35A	0.03
13B	0.01 Z_sun	33S	T35B	2.16
13B	0.01 Z_sun	33S	T35C	2.30
13B	0.01 Z_sun	33S	T40A	0.01
13B	0.01 Z_sun	33S	T40B	0.12
13B	0.01 Z_sun	33S	T40C	2.52
13B	0.01 Z_sun	34S	T30A	0.21
13B	0.01 Z_sun	34S	T30B	0.88
13B	0.01 Z_sun	34S	T35A	0.03
13B	0.01 Z_sun	34S	T35B	0.57
13B	0.01 Z_sun	34S	T35C	0.60
13B	0.01 Z_sun	34S	T40A	0.00
13B	0.01 Z_sun	34S	T40B	0.03
13B	0.01 Z_sun	34S	T40C	0.62
13B	0.01 Z_sun	36S	T30A	0.02
13B	0.01 Z_sun	36S	T30B	0.03
13B	0.01 Z_sun	36S	T35A	0.02
13B	0.01 Z_sun	36S	T35B	0.03
13B	0.01 Z_sun	36S	T35C	0.03
13B	0.01 Z_sun	36S	T40A	0.02
13B	0.01 Z_sun	36S	T40B	0.03
13B	0.01 Z_sun	36S	T40C	0.04
13B	0.01 Z_sun	35Cl	T30A	1.02
13B	0.01 Z_sun	35Cl	T30B	2.08
13B	0.01 Z_sun	35Cl	T35A	0.07
13B	0.01 Z_sun	35Cl	T35B	1.12
13B	0.01 Z_sun	35Cl	T35C	1.10
13B	0.01 Z_sun	35Cl	T40A	0.01
13B	0.01 Z_sun	35Cl	T40B	0.10
13B	0.01 Z_sun	35Cl	T40C	1.29
13B	0.01 Z_sun	37Cl	T30A	0.06
13B	0.01 Z_sun	37Cl	T30B	0.66
13B	0.01 Z_sun	37Cl	T35A	0.03
13B	0.01 Z_sun	37Cl	T35B	0.55
13B	0.01 Z_sun	37Cl	T35C	0.57
13B	0.01 Z_sun	37Cl	T40A	0.03
13B	0.01 Z_sun	37Cl	T40B	0.04
13B	0.01 Z_sun	37Cl	T40C	0.60
13B	0.01 Z_sun	36Ar	T30A	0.06
13B	0.01 Z_sun	36Ar	T30B	8.87
13B	0.01 Z_sun	36Ar	T35A	0.01
13B	0.01 Z_sun	36Ar	T35B	8.62
13B	0.01 Z_sun	36Ar	T35C	8.74
13B	0.01 Z_sun	36Ar	T40A	0.01
13B	0.01 Z_sun	36Ar	T40B	0.01
13B	0.01 Z_sun	36Ar	T40C	13.47
13B	0.01 Z_sun	38Ar	T30A	0.01
13B	0.01 Z_sun	38Ar	T30B	0.35
13B	0.01 Z_sun	38Ar	T35A	0.00
13B	0.01 Z_sun	38Ar	T35B	0.27
13B	0.01 Z_sun	38Ar	T35C	0.28
13B	0.01 Z_sun	38Ar	T40A	0.00
13B	0.01 Z_sun	38Ar	T40B	0.01
13B	0.01 Z_sun	38Ar	T40C	0.29
13B	0.01 Z_sun	40Ar	T30A	0.05
13B	0.01 Z_sun	40Ar	T30B	0.05
13B	0.01 Z_sun	40Ar	T35A	0.07
13B	0.01 Z_sun	40Ar	T35B	0.08
13B	0.01 Z_sun	40Ar	T35C	0.08
13B	0.01 Z_sun	40Ar	T40A	0.07
13B	0.01 Z_sun	40Ar	T40B	0.10
13B	0.01 Z_sun	40Ar	T40C	0.10
13B	0.01 Z_sun	39K	T30A	0.02
13B	0.01 Z_sun	39K	T30B	0.66
13B	0.01 Z_sun	39K	T35A	0.01
13B	0.01 Z_sun	39K	T35B	0.57
13B	0.01 Z_sun	39K	T35C	0.62
13B	0.01 Z_sun	39K	T40A	0.01
13B	0.01 Z_sun	39K	T40B	0.01
13B	0.01 Z_sun	39K	T40C	0.75
13B	0.01 Z_sun	40K	T30A	0.14
13B	0.01 Z_sun	40K	T30B	0.37
13B	0.01 Z_sun	40K	T35A	0.17
13B	0.01 Z_sun	40K	T35B	0.37
13B	0.01 Z_sun	40K	T35C	0.35
13B	0.01 Z_sun	40K	T40A	0.14
13B	0.01 Z_sun	40K	T40B	0.24
13B	0.01 Z_sun	40K	T40C	0.40
13B	0.01 Z_sun	41K	T30A	0.01
13B	0.01 Z_sun	41K	T30B	0.72
13B	0.01 Z_sun	41K	T35A	0.01
13B	0.01 Z_sun	41K	T35B	0.59
13B	0.01 Z_sun	41K	T35C	0.66
13B	0.01 Z_sun	41K	T40A	0.01
13B	0.01 Z_sun	41K	T40B	0.01
13B	0.01 Z_sun	41K	T40C	0.70
13B	0.01 Z_sun	40Ca	T30A	0.01
13B	0.01 Z_sun	40Ca	T30B	10.59
13B	0.01 Z_sun	40Ca	T35A	0.01
13B	0.01 Z_sun	40Ca	T35B	10.31
13B	0.01 Z_sun	40Ca	T35C	10.62
13B	0.01 Z_sun	40Ca	T40A	0.01
13B	0.01 Z_sun	40Ca	T40B	0.01
13B	0.01 Z_sun	40Ca	T40C	16.27
13B	0.01 Z_sun	42Ca	T30A	0.01
13B	0.01 Z_sun	42Ca	T30B	0.35
13B	0.01 Z_sun	42Ca	T35A	0.01
13B	0.01 Z_sun	42Ca	T35B	0.27
13B	0.01 Z_sun	42Ca	T35C	0.32
13B	0.01 Z_sun	42Ca	T40A	0.00
13B	0.01 Z_sun	42Ca	T40B	0.01
13B	0.01 Z_sun	42Ca	T40C	0.33
13B	0.01 Z_sun	43Ca	T30A	0.00
13B	0.01 Z_sun	43Ca	T30B	0.07
13B	0.01 Z_sun	43Ca	T35A	0.01
13B	0.01 Z_sun	43Ca	T35B	0.07
13B	0.01 Z_sun	43Ca	T35C	0.44
13B	0.01 Z_sun	43Ca	T40A	0.01
13B	0.01 Z_sun	43Ca	T40B	0.01
13B	0.01 Z_sun	43Ca	T40C	0.43
13B	0.01 Z_sun	44Ca	T30A	0.00
13B	0.01 Z_sun	44Ca	T30B	1.08
13B	0.01 Z_sun	44Ca	T35A	0.00
13B	0.01 Z_sun	44Ca	T35B	0.48
13B	0.01 Z_sun	44Ca	T35C	4.25
13B	0.01 Z_sun	44Ca	T40A	0.00
13B	0.01 Z_sun	44Ca	T40B	0.00
13B	0.01 Z_sun	44Ca	T40C	4.39
13B	0.01 Z_sun	46Ca	T30A	0.00
13B	0.01 Z_sun	46Ca	T30B	0.00
13B	0.01 Z_sun	46Ca	T35A	0.01
13B	0.01 Z_sun	46Ca	T35B	0.01
13B	0.01 Z_sun	46Ca	T35C	0.01
13B	0.01 Z_sun	46Ca	T40A	0.01
13B	0.01 Z_sun	46Ca	T40B	0.02
13B	0.01 Z_sun	46Ca	T40C	0.01
13B	0.01 Z_sun	48Ca	T30A	0.00
13B	0.01 Z_sun	48Ca	T30B	0.00
13B	0.01 Z_sun	48Ca	T35A	0.00
13B	0.01 Z_sun	48Ca	T35B	0.00
13B	0.01 Z_sun	48Ca	T35C	0.00
13B	0.01 Z_sun	48Ca	T40A	0.00
13B	0.01 Z_sun	48Ca	T40B	0.00
13B	0.01 Z_sun	48Ca	T40C	0.00
13B	0.01 Z_sun	45Sc	T30A	0.02
13B	0.01 Z_sun	45Sc	T30B	1.02
13B	0.01 Z_sun	45Sc	T35A	0.02
13B	0.01 Z_sun	45Sc	T35B	0.48
13B	0.01 Z_sun	45Sc	T35C	2.28
13B	0.01 Z_sun	45Sc	T40A	0.01
13B	0.01 Z_sun	45Sc	T40B	0.03
13B	0.01 Z_sun	45Sc	T40C	0.66
13B	0.01 Z_sun	46Ti	T30A	0.01
13B	0.01 Z_sun	46Ti	T30B	0.22
13B	0.01 Z_sun	46Ti	T35A	0.01
13B	0.01 Z_sun	46Ti	T35B	0.17
13B	0.01 Z_sun	46Ti	T35C	0.34
13B	0.01 Z_sun	46Ti	T40A	0.00
13B	0.01 Z_sun	46Ti	T40B	0.01
13B	0.01 Z_sun	46Ti	T40C	0.27
13B	0.01 Z_sun	47Ti	T30A	0.00
13B	0.01 Z_sun	47Ti	T30B	0.09
13B	0.01 Z_sun	47Ti	T35A	0.00
13B	0.01 Z_sun	47Ti	T35B	0.10
13B	0.01 Z_sun	47Ti	T35C	0.45
13B	0.01 Z_sun	47Ti	T40A	0.00
13B	0.01 Z_sun	47Ti	T40B	0.00
13B	0.01 Z_sun	47Ti	T40C	0.41
13B	0.01 Z_sun	48Ti	T30A	0.00
13B	0.01 Z_sun	48Ti	T30B	4.19
13B	0.01 Z_sun	48Ti	T35A	0.00
13B	0.01 Z_sun	48Ti	T35B	4.31
13B	0.01 Z_sun	48Ti	T35C	8.81
13B	0.01 Z_sun	48Ti	T40A	0.00
13B	0.01 Z_sun	48Ti	T40B	0.00
13B	0.01 Z_sun	48Ti	T40C	10.16
13B	0.01 Z_sun	49Ti	T30A	0.01
13B	0.01 Z_sun	49Ti	T30B	2.04
13B	0.01 Z_sun	49Ti	T35A	0.01
13B	0.01 Z_sun	49Ti	T35B	2.31
13B	0.01 Z_sun	49Ti	T35C	2.99
13B	0.01 Z_sun	49Ti	T40A	0.01
13B	0.01 Z_sun	49Ti	T40B	0.01
13B	0.01 Z_sun	49Ti	T40C	4.17
13B	0.01 Z_sun	50Ti	T30A	0.01
13B	0.01 Z_sun	50Ti	T30B	0.01
13B	0.01 Z_sun	50Ti	T35A	0.01
13B	0.01 Z_sun	50Ti	T35B	0.01
13B	0.01 Z_sun	50Ti	T35C	0.01
13B	0.01 Z_sun	50Ti	T40A	0.01
13B	0.01 Z_sun	50Ti	T40B	0.02
13B	0.01 Z_sun	50Ti	T40C	0.02
13B	0.01 Z_sun	50V	T30A	0.13
13B	0.01 Z_sun	50V	T30B	0.20
13B	0.01 Z_sun	50V	T35A	0.13
13B	0.01 Z_sun	50V	T35B	0.24
13B	0.01 Z_sun	50V	T35C	0.23
13B	0.01 Z_sun	50V	T40A	0.06
13B	0.01 Z_sun	50V	T40B	0.18
13B	0.01 Z_sun	50V	T40C	0.31
13B	0.01 Z_sun	51V	T30A	0.00
13B	0.01 Z_sun	51V	T30B	1.97
13B	0.01 Z_sun	51V	T35A	0.00
13B	0.01 Z_sun	51V	T35B	2.24
13B	0.01 Z_sun	51V	T35C	2.23
13B	0.01 Z_sun	51V	T40A	0.00
13B	0.01 Z_sun	51V	T40B	0.00
13B	0.01 Z_sun	51V	T40C	3.60
13B	0.01 Z_sun	50Cr	T30A	0.00
13B	0.01 Z_sun	50Cr	T30B	0.45
13B	0.01 Z_sun	50Cr	T35A	0.00
13B	0.01 Z_sun	50Cr	T35B	0.48
13B	0.01 Z_sun	50Cr	T35C	0.46
13B	0.01 Z_sun	50Cr	T40A	0.00
13B	0.01 Z_sun	50Cr	T40B	0.00
13B	0.01 Z_sun	50Cr	T40C	1.02
13B	0.01 Z_sun	52Cr	T30A	0.00
13B	0.01 Z_sun	52Cr	T30B	8.98
13B	0.01 Z_sun	52Cr	T35A	0.00
13B	0.01 Z_sun	52Cr	T35B	11.02
13B	0.01 Z_sun	52Cr	T35C	11.91
13B	0.01 Z_sun	52Cr	T40A	0.00
13B	0.01 Z_sun	52Cr	T40B	0.00
13B	0.01 Z_sun	52Cr	T40C	16.09
13B	0.01 Z_sun	53Cr	T30A	0.00
13B	0.01 Z_sun	53Cr	T30B	3.61
13B	0.01 Z_sun	53Cr	T35A	0.00
13B	0.01 Z_sun	53Cr	T35B	4.30
13B	0.01 Z_sun	53Cr	T35C	4.27
13B	0.01 Z_sun	53Cr	T40A	0.00
13B	0.01 Z_sun	53Cr	T40B	0.00
13B	0.01 Z_sun	53Cr	T40C	6.62
13B	0.01 Z_sun	54Cr	T30A	0.01
13B	0.01 Z_sun	54Cr	T30B	0.04
13B	0.01 Z_sun	54Cr	T35A	0.01
13B	0.01 Z_sun	54Cr	T35B	0.04
13B	0.01 Z_sun	54Cr	T35C	0.04
13B	0.01 Z_sun	54Cr	T40A	0.01
13B	0.01 Z_sun	54Cr	T40B	0.01
13B	0.01 Z_sun	54Cr	T40C	0.08
13B	0.01 Z_sun	55Mn	T30A	0.00
13B	0.01 Z_sun	55Mn	T30B	1.42
13B	0.01 Z_sun	55Mn	T35A	0.00
13B	0.01 Z_sun	55Mn	T35B	1.49
13B	0.01 Z_sun	55Mn	T35C	2.68
13B	0.01 Z_sun	55Mn	T40A	0.00
13B	0.01 Z_sun	55Mn	T40B	0.00
13B	0.01 Z_sun	55Mn	T40C	3.84
13B	0.01 Z_sun	54Fe	T30A	0.00
13B	0.01 Z_sun	54Fe	T30B	0.54
13B	0.01 Z_sun	54Fe	T35A	0.00
13B	0.01 Z_sun	54Fe	T35B	0.57
13B	0.01 Z_sun	54Fe	T35C	0.57
13B	0.01 Z_sun	54Fe	T40A	0.00
13B	0.01 Z_sun	54Fe	T40B	0.00
13B	0.01 Z_sun	54Fe	T40C	1.39
13B	0.01 Z_sun	56Fe	T30A	0.00
13B	0.01 Z_sun	56Fe	T30B	5.53
13B	0.01 Z_sun	56Fe	T35A	0.00
13B	0.01 Z_sun	56Fe	T35B	4.84
13B	0.01 Z_sun	56Fe	T35C	15.35
13B	0.01 Z_sun	56Fe	T40A	0.00
13B	0.01 Z_sun	56Fe	T40B	0.00
13B	0.01 Z_sun	56Fe	T40C	15.88
13B	0.01 Z_sun	57Fe	T30A	0.01
13B	0.01 Z_sun	57Fe	T30B	3.82
13B	0.01 Z_sun	57Fe	T35A	0.01
13B	0.01 Z_sun	57Fe	T35B	2.77
13B	0.01 Z_sun	57Fe	T35C	16.16
13B	0.01 Z_sun	57Fe	T40A	0.01
13B	0.01 Z_sun	57Fe	T40B	0.01
13B	0.01 Z_sun	57Fe	T40C	15.83
13B	0.01 Z_sun	58Fe	T30A	0.03
13B	0.01 Z_sun	58Fe	T30B	0.03
13B	0.01 Z_sun	58Fe	T35A	0.03
13B	0.01 Z_sun	58Fe	T35B	0.04
13B	0.01 Z_sun	58Fe	T35C	0.06
13B	0.01 Z_sun	58Fe	T40A	0.03
13B	0.01 Z_sun	58Fe	T40B	0.05
13B	0.01 Z_sun	58Fe	T40C	0.10
13B	0.01 Z_sun	59Co	T30A	0.02
13B	0.01 Z_sun	59Co	T30B	0.42
13B	0.01 Z_sun	59Co	T35A	0.01
13B	0.01 Z_sun	59Co	T35B	0.41
13B	0.01 Z_sun	59Co	T35C	5.98
13B	0.01 Z_sun	59Co	T40A	0.01
13B	0.01 Z_sun	59Co	T40B	0.02
13B	0.01 Z_sun	59Co	T40C	6.15
13B	0.01 Z_sun	58Ni	T30A	0.00
13B	0.01 Z_sun	58Ni	T30B	0.40
13B	0.01 Z_sun	58Ni	T35A	0.00
13B	0.01 Z_sun	58Ni	T35B	0.34
13B	0.01 Z_sun	58Ni	T35C	3.66
13B	0.01 Z_sun	58Ni	T40A	0.00
13B	0.01 Z_sun	58Ni	T40B	0.00
13B	0.01 Z_sun	58Ni	T40C	5.97
13B	0.01 Z_sun	60Ni	T30A	0.01
13B	0.01 Z_sun	60Ni	T30B	5.37
13B	0.01 Z_sun	60Ni	T35A	0.01
13B	0.01 Z_sun	60Ni	T35B	2.69
13B	0.01 Z_sun	60Ni	T35C	22.51
13B	0.01 Z_sun	60Ni	T40A	0.01
13B	0.01 Z_sun	60Ni	T40B	0.01
13B	0.01 Z_sun	60Ni	T40C	20.99
13B	0.01 Z_sun	61Ni	T30A	0.04
13B	0.01 Z_sun	61Ni	T30B	5.76
13B	0.01 Z_sun	61Ni	T35A	0.04
13B	0.01 Z_sun	61Ni	T35B	2.68
13B	0.01 Z_sun	61Ni	T35C	24.99
13B	0.01 Z_sun	61Ni	T40A	0.03
13B	0.01 Z_sun	61Ni	T40B	0.05
13B	0.01 Z_sun	61Ni	T40C	22.87
13B	0.01 Z_sun	62Ni	T30A	0.03
13B	0.01 Z_sun	62Ni	T30B	0.05
13B	0.01 Z_sun	62Ni	T35A	0.03
13B	0.01 Z_sun	62Ni	T35B	0.73
13B	0.01 Z_sun	62Ni	T35C	16.18
13B	0.01 Z_sun	62Ni	T40A	0.02
13B	0.01 Z_sun	62Ni	T40B	0.04
13B	0.01 Z_sun	62Ni	T40C	20.77
13B	0.01 Z_sun	64Ni	T30A	0.21
13B	0.01 Z_sun	64Ni	T30B	0.20
13B	0.01 Z_sun	64Ni	T35A	0.20
13B	0.01 Z_sun	64Ni	T35B	0.25
13B	0.01 Z_sun	64Ni	T35C	0.24
13B	0.01 Z_sun	64Ni	T40A	0.14
13B	0.01 Z_sun	64Ni	T40B	0.28
13B	0.01 Z_sun	64Ni	T40C	0.26
13B	0.01 Z_sun	63Cu	T30A	0.05
13B	0.01 Z_sun	63Cu	T30B	0.13
13B	0.01 Z_sun	63Cu	T35A	0.06
13B	0.01 Z_sun	63Cu	T35B	0.16
13B	0.01 Z_sun	63Cu	T35C	1.62
13B	0.01 Z_sun	63Cu	T40A	0.04
13B	0.01 Z_sun	63Cu	T40B	0.08
13B	0.01 Z_sun	63Cu	T40C	1.91
13B	0.01 Z_sun	65Cu	T30A	0.25
13B	0.01 Z_sun	65Cu	T30B	0.58
13B	0.01 Z_sun	65Cu	T35A	0.19
13B	0.01 Z_sun	65Cu	T35B	0.31
13B	0.01 Z_sun	65Cu	T35C	0.59
13B	0.01 Z_sun	65Cu	T40A	0.18
13B	0.01 Z_sun	65Cu	T40B	0.27
13B	0.01 Z_sun	65Cu	T40C	0.57
13B	0.01 Z_sun	64Zn	T30A	0.02
13B	0.01 Z_sun	64Zn	T30B	6.39
13B	0.01 Z_sun	64Zn	T35A	0.02
13B	0.01 Z_sun	64Zn	T35B	1.37
13B	0.01 Z_sun	64Zn	T35C	6.49
13B	0.01 Z_sun	64Zn	T40A	0.01
13B	0.01 Z_sun	64Zn	T40B	0.02
13B	0.01 Z_sun	64Zn	T40C	5.18
13B	0.01 Z_sun	66Zn	T30A	0.16
13B	0.01 Z_sun	66Zn	T30B	0.43
13B	0.01 Z_sun	66Zn	T35A	0.12
13B	0.01 Z_sun	66Zn	T35B	0.29
13B	0.01 Z_sun	66Zn	T35C	2.03
13B	0.01 Z_sun	66Zn	T40A	0.08
13B	0.01 Z_sun	66Zn	T40B	0.18
13B	0.01 Z_sun	66Zn	T40C	2.28
13B	0.01 Z_sun	67Zn	T30A	0.18
13B	0.01 Z_sun	67Zn	T30B	0.17
13B	0.01 Z_sun	67Zn	T35A	0.24
13B	0.01 Z_sun	67Zn	T35B	0.29
13B	0.01 Z_sun	67Zn	T35C	0.29
13B	0.01 Z_sun	67Zn	T40A	0.16
13B	0.01 Z_sun	67Zn	T40B	0.34
13B	0.01 Z_sun	67Zn	T40C	1.34
13B	0.01 Z_sun	68Zn	T30A	0.34
13B	0.01 Z_sun	68Zn	T30B	0.33
13B	0.01 Z_sun	68Zn	T35A	0.33
13B	0.01 Z_sun	68Zn	T35B	0.41
13B	0.01 Z_sun	68Zn	T35C	0.40
13B	0.01 Z_sun	68Zn	T40A	0.23
13B	0.01 Z_sun	68Zn	T40B	0.48
13B	0.01 Z_sun	68Zn	T40C	0.46
13B	0.01 Z_sun	70Zn	T30A	0.06
13B	0.01 Z_sun	70Zn	T30B	0.05
13B	0.01 Z_sun	70Zn	T35A	0.04
13B	0.01 Z_sun	70Zn	T35B	0.06
13B	0.01 Z_sun	70Zn	T35C	0.06
13B	0.01 Z_sun	70Zn	T40A	0.03
13B	0.01 Z_sun	70Zn	T40B	0.09
13B	0.01 Z_sun	70Zn	T40C	0.09
13B	0.01 Z_sun	69Ga	T30A	0.69
13B	0.01 Z_sun	69Ga	T30B	0.72
13B	0.01 Z_sun	69Ga	T35A	0.50
13B	0.01 Z_sun	69Ga	T35B	0.73
13B	0.01 Z_sun	69Ga	T35C	0.71
13B	0.01 Z_sun	69Ga	T40A	0.36
13B	0.01 Z_sun	69Ga	T40B	0.79
13B	0.01 Z_sun	69Ga	T40C	0.84
13B	0.01 Z_sun	71Ga	T30A	4.55
13B	0.01 Z_sun	71Ga	T30B	4.31
13B	0.01 Z_sun	71Ga	T35A	5.79
13B	0.01 Z_sun	71Ga	T35B	6.98
13B	0.01 Z_sun	71Ga	T35C	6.81
13B	0.01 Z_sun	71Ga	T40A	4.38
13B	0.01 Z_sun	71Ga	T40B	8.95
13B	0.01 Z_sun	71Ga	T40C	8.29
13B	0.01 Z_sun	70Ge	T30A	1.65
13B	0.01 Z_sun	70Ge	T30B	1.99
13B	0.01 Z_sun	70Ge	T35A	0.66
13B	0.01 Z_sun	70Ge	T35B	1.53
13B	0.01 Z_sun	70Ge	T35C	1.53
13B	0.01 Z_sun	70Ge	T40A	0.42
13B	0.01 Z_sun	70Ge	T40B	1.07
13B	0.01 Z_sun	70Ge	T40C	1.77
13B	0.01 Z_sun	KE_inf	T30A	1.28
13B	0.01 Z_sun	KE_inf	T30B	1.84
13B	0.01 Z_sun	KE_inf	T35A	1.23
13B	0.01 Z_sun	KE_inf	T35B	2.03
13B	0.01 Z_sun	KE_inf	T35C	2.47
13B	0.01 Z_sun	KE_inf	T40A	1.21
13B	0.01 Z_sun	KE_inf	T40B	2.00
13B	0.01 Z_sun	KE_inf	T40C	2.54
