isotope,S11A,S12A,S13A,S15A,S18A,S19A,S20A,S22A,S25A,S30A,S30B,S35A,S35B,S35C,S40A,S40B,S40C
10B,3.17e-09,2.63e-09,4.72e-09,4.96e-09,2.83e-09,2.57e-09,2.53e-09,2.58e-09,2.76e-09,2.9e-09,2.9e-09,3.18e-09,3.19e-09,3.19e-09,3.11e-09,3.11e-09,3.11e-09
11B,4.89e-07,4.62e-07,4.49e-07,9.48e-07,1.49e-06,1.85e-06,1.55e-06,1.49e-06,1.78e-06,8.55e-07,7.41e-07,5.39e-07,5.89e-07,5.69e-07,3.79e-07,6.04e-07,5.99e-07
11C,1.54e-07,1.67e-07,3.46e-07,3.06e-07,3.73e-07,7.79e-07,3.01e-07,4.65e-07,6.16e-07,3.14e-07,3.43e-07,3.73e-07,4.63e-07,4.65e-07,3.76e-07,5.76e-07,6.01e-07
12C,0.0532,0.0805,0.114,0.161,0.248,0.284,0.213,0.241,0.322,0.286,0.29,0.301,0.32,0.32,0.313,0.363,0.368
13C,0.000961,0.00102,0.00114,0.00129,0.00135,0.00133,0.00133,0.00139,0.00145,0.00159,0.00159,0.00165,0.00165,0.00165,0.00162,0.00162,0.00162
14C,1.71e-05,3.97e-06,5.32e-06,8.15e-06,2.91e-05,1.31e-05,5.16e-06,4.3e-06,3.66e-06,1.8e-06,1.88e-06,1.72e-06,1.81e-06,1.8e-06,2.05e-06,2.15e-06,2.12e-06
14N,0.0367,0.036,0.0468,0.054,0.0568,0.0571,0.0598,0.0673,0.0793,0.104,0.104,0.125,0.125,0.125,0.141,0.141,0.141
15N,6.16e-05,9.76e-05,4.47e-05,0.000149,0.000152,0.000124,0.000141,0.00017,0.000229,0.000165,0.000215,0.000125,0.00027,0.000289,9.06e-05,0.000291,0.00034
16O,160.0,0.136,0.21,0.272,0.68,1.13,1.43,1.94,2.38,3.65,4.88,3.07,5.82,6.36,2.36,6.03,7.63
17O,0.000519,0.000528,0.000533,0.000592,0.000824,0.000846,0.000851,0.000916,0.00101,0.00106,0.00106,0.00129,0.00129,0.00129,0.00123,0.00123,0.00123
18O,0.00347,0.00836,0.00229,0.00438,0.0149,0.016,,,,0.000586,0.000574,0.000312,0.000309,0.000308,0.000231,0.000231,0.00023
19F,1.29e-05,3.47e-05,8.88e-06,3.45e-05,9.21e-05,2.64e-05,2.83e-05,4.87e-05,0.000133,0.000105,0.000107,0.000163,0.000226,0.000221,0.000168,0.000298,0.000292
1H,5.59,5.96,6.32,6.98,7.89,8.08,8.24,8.79,9.4,10.5,10.5,11.5,11.5,11.5,11.1,11.1,11.1
20Ne,0.0312,0.0232,0.0446,0.111,0.277,0.106,0.105,0.0702,0.394,0.381,0.432,0.515,0.888,0.881,0.448,1.24,1.29
21Ne,0.000178,0.000157,0.000577,0.000449,0.00083,0.000594,0.000372,0.000521,0.000629,0.000301,0.000327,0.000548,0.000803,0.0008,0.000575,0.00126,0.00129
22Na,2.14e-07,8.44e-08,1.45e-07,1.09e-06,3.76e-06,7.91e-07,2.96e-07,2.94e-07,3.43e-06,1.68e-06,1.94e-06,3.17e-06,5.81e-06,5.73e-06,3.6e-06,1.01e-05,1.02e-05
22Ne,0.00247,0.00603,0.0035,0.00737,0.0164,0.0185,0.0228,0.0382,0.0476,0.0541,0.0541,0.0577,0.0577,0.0577,0.0594,0.0594,0.0591
23Na,0.00105,0.000871,0.00108,0.00342,0.00999,0.00271,0.00153,0.00193,0.0108,0.00648,0.00689,0.0147,0.0216,0.0215,0.0161,0.0368,0.0367
24Mg,0.00924,0.00821,0.0164,0.0267,0.0552,0.0251,0.0313,0.0416,0.106,0.212,0.282,0.123,0.287,0.303,0.068,0.23,0.31
25Mg,0.00138,0.00123,0.00307,0.00666,0.012,0.00938,0.00768,0.00801,0.0239,0.0253,0.0288,0.0264,0.0445,0.0443,0.0221,0.054,0.0571
26Al,1.68e-05,2e-05,2.84e-05,4.3e-05,8.14e-05,8.83e-05,3.47e-05,5.91e-05,0.000127,0.000183,0.000273,0.000133,0.000347,0.000345,0.000109,0.000251,0.000356
26Mg,0.00155,0.00169,0.0034,0.0065,0.00985,0.0114,0.0105,0.0128,0.0325,0.0324,0.0356,0.0385,0.0602,0.0599,0.0336,0.0795,0.0822
27Al,0.00119,0.00113,0.00183,0.00462,0.00998,0.00377,0.00398,0.0084,0.0244,0.0394,0.0508,0.0297,0.0636,0.0653,0.0206,0.0646,0.077
28Si,0.0217,0.0909,0.0585,0.11,0.137,0.277,0.288,0.356,0.315,0.0977,0.316,0.0416,0.112,0.429,0.0247,0.0546,0.561
29Si,0.000645,0.00109,0.00145,0.00248,0.00368,0.00429,0.00611,0.0123,0.0115,0.0239,0.0339,0.0104,0.0297,0.0324,0.0041,0.0165,0.0291
2H,7.84e-05,8.27e-05,8.32e-05,8.84e-05,9.57e-05,9.91e-05,9.88e-05,0.000102,9.81e-05,9.44e-05,9.45e-05,0.000102,0.000102,0.000102,8.87e-05,8.87e-05,8.87e-05
30Si,0.000697,0.000762,0.00197,0.00309,0.00541,0.00343,0.00582,0.0141,0.0126,0.0198,0.0345,0.00679,0.024,0.0324,0.00246,0.00896,0.0308
31P,0.000186,0.000891,0.000417,0.000782,0.00123,0.00202,0.00317,0.00496,0.00307,0.00477,0.00729,0.00199,0.00558,0.00671,0.00109,0.00296,0.00635
32S,0.00971,0.0757,0.026,0.0634,0.0546,0.129,0.152,0.172,0.141,0.0138,0.0999,0.0108,0.0168,0.169,0.0102,0.0115,0.236
33S,6.72e-05,0.000713,0.000139,0.000285,0.00034,0.000881,0.00126,0.00134,0.000652,0.000171,0.000562,0.000111,0.000264,0.000667,9.85e-05,0.00012,0.000826
34S,0.000629,0.003,0.00152,0.00192,0.00368,0.0105,0.0222,0.0167,0.00713,0.00173,0.0073,0.000729,0.00229,0.00877,0.000544,0.000772,0.0106
35Cl,4.9e-05,0.00154,0.000101,0.000258,0.000273,0.00155,0.00209,0.00286,0.000684,0.000315,0.00071,0.000102,0.00036,0.000639,7.69e-05,0.000108,0.00075
35S,4.31e-06,5.17e-06,4.51e-05,2.84e-05,6.56e-05,1.65e-05,,,,4.14e-05,5.79e-05,1.33e-05,4.17e-05,4.43e-05,6.51e-06,2.05e-05,3.48e-05
36Ar,0.00169,0.0218,0.00446,0.0125,0.00871,0.0207,0.0262,0.028,,0.00172,0.016,0.00187,0.00198,0.0286,0.0019,0.00193,0.039
36Cl,2.5e-07,1.15e-05,7.84e-07,2.17e-06,2.57e-06,1.87e-05,2.75e-05,5.18e-05,6.28e-06,6.21e-06,1.14e-05,1.56e-06,6.17e-06,8.98e-06,8.68e-07,1.94e-06,9.13e-06
36S,1.95e-06,3.52e-06,7.66e-06,8.67e-06,1.26e-05,3.11e-05,2.49e-05,8.86e-05,4.18e-05,6.52e-05,8.33e-05,4.58e-05,9e-05,9.21e-05,3.55e-05,8.91e-05,0.000104
37Ar,2.22e-06,0.000151,6.23e-06,4.08e-05,1.6e-05,7.6e-05,0.000122,0.000112,6.54e-05,1.85e-06,3.13e-05,1.81e-06,3.3e-06,3.71e-05,1.85e-06,2.42e-06,5.48e-05
37Cl,1.32e-05,3.86e-05,2.32e-05,4.45e-05,7.63e-05,0.0001,0.000106,0.000175,0.000188,0.000187,0.000208,0.000209,0.000316,0.000318,0.000191,0.000405,0.000421
38Ar,0.000281,0.0048,0.0006,0.00207,0.00134,0.00643,0.0103,0.00831,0.0049,0.000594,0.00265,0.000596,0.000814,0.0033,0.000565,0.000846,0.00418
39K,5.05e-05,0.00214,7.7e-05,0.000318,0.000147,0.000869,0.000937,0.0015,0.000504,0.000128,0.000331,0.00012,0.000166,0.000396,0.000112,0.00016,0.000509
3He,0.000353,0.000371,0.000394,0.000432,0.000488,0.000504,0.000526,0.000564,0.000629,0.000718,0.000718,0.000791,0.000791,0.000791,0.000774,0.000774,0.000774
40Ar,7.75e-07,1.11e-06,3.39e-06,3.11e-06,4.44e-06,6.71e-06,4.72e-06,1.71e-05,1.38e-05,1.83e-05,2.14e-05,1.68e-05,3.08e-05,3.06e-05,1.31e-05,3.48e-05,3.76e-05
40Ca,0.00132,0.0144,0.00361,0.011,0.00682,0.0135,0.0143,0.0173,0.0167,0.00131,0.0133,0.00146,0.00148,0.0241,0.00148,0.00152,0.0316
40K,1.74e-07,1.21e-05,2.45e-07,6.67e-07,1.05e-06,1.02e-05,9.48e-06,3.32e-05,3.45e-06,4.18e-06,5.08e-06,3.73e-06,6.22e-06,6.32e-06,3.22e-06,6.54e-06,7.43e-06
41Ca,1.92e-06,0.000156,2.77e-06,1.68e-05,5.21e-06,2.11e-05,2.87e-05,3.53e-05,2.01e-05,3.42e-06,1.25e-05,3.6e-06,4.2e-06,1.46e-05,3.54e-06,4.28e-06,1.97e-05
41K,2.97e-06,4.52e-06,3.38e-06,4.37e-06,5.38e-06,6.03e-06,5.98e-06,1.02e-05,9.06e-06,1.1e-05,1.18e-05,1.13e-05,1.5e-05,1.5e-05,1.06e-05,1.67e-05,1.73e-05
42Ca,8.32e-06,0.000374,1.58e-05,9e-05,3.32e-05,0.000193,0.000378,0.000261,0.000145,1.66e-05,7.32e-05,1.7e-05,2.26e-05,8.94e-05,1.64e-05,2.45e-05,0.000114
43Ca,9.28e-07,1.03e-05,1.16e-06,1.81e-06,2.32e-06,9.44e-06,2.03e-05,2.5e-05,4.67e-06,5.02e-06,7.34e-06,4.86e-06,7.26e-06,9.69e-06,4.39e-06,7.88e-06,9.87e-06
43Sc,6.98e-07,1.79e-06,7.6e-07,1.31e-06,2.53e-07,8.43e-07,8.52e-07,1.2e-06,1.04e-06,1.32e-09,9.92e-07,5.66e-10,2.05e-09,1.31e-06,3.08e-10,1.3e-09,2.63e-06
44Ca,1.37e-05,1.98e-05,1.61e-05,1.97e-05,2.43e-05,2.94e-05,4.16e-05,5.33e-05,3.64e-05,4.26e-05,4.52e-05,4.5e-05,5.4e-05,5.43e-05,4.37e-05,5.77e-05,6.01e-05
44Ti,6.2e-05,8.26e-05,6.26e-05,5.68e-05,8.48e-06,1.92e-05,1.38e-05,6.15e-05,3.04e-05,4.92e-10,0.000141,1e-10,1.82e-09,0.000198,2.69e-11,1.47e-10,0.000229
45Ca,5.6e-08,6.02e-08,2.9e-07,5.69e-07,4.75e-07,8.4e-07,5.84e-07,1.37e-06,1.75e-06,2.75e-06,3.24e-06,2.53e-06,4.93e-06,4.91e-06,1.97e-06,5.71e-06,6.14e-06
45Sc,4.32e-07,3.36e-06,5.22e-07,7.87e-07,1.1e-06,3.25e-06,9.44e-06,1.2e-05,2.28e-06,2.56e-06,5.12e-06,1.85e-06,3.17e-06,4e-06,1.51e-06,2.41e-06,3.45e-06
45Ti,7.18e-07,1.69e-06,1.27e-06,1.71e-06,3.06e-07,6.43e-07,4.81e-07,1.23e-06,3.92e-07,7.2e-10,7.3e-07,3.58e-10,1.54e-09,3.99e-07,2.13e-10,8.98e-10,7.27e-07
46Ca,7.2e-08,5.8e-08,3.76e-07,3.33e-07,2.98e-07,4.84e-07,3.36e-07,1.16e-06,8.9e-07,1.8e-06,2.24e-06,1.13e-06,2.61e-06,2.6e-06,6.92e-07,2.21e-06,2.67e-06
46Ti,7.08e-06,0.000105,9.77e-06,4.86e-05,1.5e-05,5.35e-05,8.63e-05,6.97e-05,5.57e-05,7.13e-06,3.42e-05,7.4e-06,9.36e-06,3.92e-05,7.13e-06,9.25e-06,5.35e-05
47Ti,2.2e-06,9.62e-06,2.64e-06,3.62e-06,3.96e-06,6.63e-06,1.57e-05,1.45e-05,,6.03e-06,1.1e-05,6.25e-06,7.82e-06,1.41e-05,6.08e-06,7.92e-06,1.47e-05
47V,,,,,,,,,,1.87e-10,3.52e-07,8.41e-11,6.06e-10,1.81e-07,4.42e-11,2.01e-10,1.26e-06
48Ca,1.33e-06,1.43e-06,1.69e-06,1.8e-06,2.15e-06,2.19e-06,2.21e-06,2.43e-06,2.89e-06,3.32e-06,3.37e-06,3.68e-06,3.94e-06,3.93e-06,3.71e-06,4.18e-06,4.2e-06
48Cr,0.000121,0.000138,0.000155,0.000167,9.06e-05,0.000151,0.000148,0.000259,0.000166,6.78e-12,0.000354,1.23e-12,1.69e-11,0.000524,3.66e-13,2.74e-12,0.000708
48Ti,2.03e-05,2.43e-05,2.35e-05,2.72e-05,3.19e-05,3.37e-05,4.27e-05,4.31e-05,,4.79e-05,5e-05,5.24e-05,5.46e-05,5.69e-05,5.28e-05,5.58e-05,5.88e-05
48V,,,,,,,,,,1.18e-09,5.04e-05,4.49e-10,3.89e-09,0.000109,2.99e-10,1.02e-09,3.44e-05
49Cr,3.55e-06,5.18e-06,6.46e-06,8.81e-06,8.01e-06,1.23e-05,1.2e-05,1.51e-05,4.18e-06,3.26e-11,1.02e-05,1.64e-11,8.87e-11,5.7e-06,1.24e-11,1.6e-11,2.19e-05
49Ti,1.74e-06,2.09e-06,2.08e-06,2.93e-06,4.1e-06,4.13e-06,5.42e-06,6.49e-06,7.81e-06,9.23e-06,1.02e-05,9.61e-06,1.31e-05,1.31e-05,9.25e-06,1.46e-05,1.54e-05
49V,6.04e-07,3.38e-06,1.03e-06,1.66e-06,1.46e-06,3.09e-06,8.03e-06,6.68e-06,1.38e-05,2.34e-07,9.86e-06,7e-08,4.55e-07,3.22e-05,2.95e-08,1.18e-07,2.38e-05
4He,3.73,4.11,4.51,5.24,6.28,6.46,6.72,7.51,8.64,10.4,10.4,11.9,11.9,12.0,13.0,13.0,13.0
50Cr,1.86e-05,0.000109,5.09e-05,0.000123,0.000102,0.000166,0.000165,0.000189,0.000209,1.52e-05,0.00015,1.68e-05,1.69e-05,0.000272,1.7e-05,1.7e-05,0.000396
50Ti,1.84e-06,2e-06,2.66e-06,4.41e-06,6.32e-06,6.23e-06,6.91e-06,1.02e-05,1.59e-05,1.96e-05,2.39e-05,1.76e-05,3.03e-05,3.11e-05,1.48e-05,3.19e-05,3.69e-05
50V,1.53e-08,1.79e-07,3.85e-08,9.47e-08,1.14e-07,1.68e-07,1.62e-06,1.28e-06,2.93e-07,3.29e-07,5.88e-07,1.22e-07,4.42e-07,5.69e-07,6.44e-08,1.95e-07,6.13e-07
51Cr,6.05e-07,1.31e-05,2.18e-06,5.32e-06,4.85e-06,9.56e-06,1.35e-05,1.34e-05,4.12e-05,8.11e-08,1.5e-05,1.39e-07,2.96e-07,6.8e-05,1.96e-07,2.01e-07,4.91e-05
51Mn,2.44e-06,5.42e-06,1.04e-05,1.92e-05,2.35e-05,3.6e-05,3.52e-05,3.96e-05,1.25e-05,1.16e-10,2.81e-05,7.62e-11,1.96e-10,1.5e-05,5.25e-11,1.53e-10,5.47e-05
51V,3.66e-06,5.14e-06,4.51e-06,5.15e-06,6.18e-06,6.34e-06,8.44e-06,8.85e-06,9.12e-06,1e-05,1.1e-05,1.06e-05,1.21e-05,1.3e-05,1.04e-05,1.23e-05,1.39e-05
52Cr,0.000144,0.00017,0.000173,0.000201,0.000243,0.000257,0.000272,0.000294,0.00035,0.000325,0.000369,0.00036,0.000365,0.000452,0.000366,0.000375,0.000451
52Fe,0.000254,0.000458,0.000869,0.00142,0.00159,0.00254,0.00262,0.00324,0.00193,1.62e-12,0.00335,3.13e-13,4.08e-12,0.0041,1.02e-13,6.18e-13,0.00747
52Mn,4.18e-06,9.54e-06,1.3e-05,2.23e-05,2.34e-05,4.4e-05,5.61e-05,8.36e-05,0.00121,9.42e-10,0.000247,6e-10,2.05e-09,0.00234,4.12e-10,1.27e-09,0.000529
53Cr,1.64e-05,1.81e-05,1.89e-05,2.2e-05,2.62e-05,2.67e-05,2.77e-05,3.02e-05,3.41e-05,3.95e-05,4e-05,4.38e-05,4.52e-05,4.53e-05,4.47e-05,4.68e-05,4.72e-05
53Fe,9.12e-06,1.89e-05,4.44e-05,7.83e-05,0.0001,0.000142,0.000122,0.000139,1.85e-05,4.09e-10,6.08e-05,4.59e-10,4.42e-10,1.17e-05,4.27e-10,4.02e-10,3.82e-05
53Mn,1.29e-05,3.74e-05,5.1e-05,9.01e-05,9.95e-05,0.000168,0.000191,0.000233,0.000357,7.03e-08,0.000279,2.48e-08,1.53e-07,0.000658,1.32e-08,3.49e-08,0.000797
54Cr,5.09e-06,5.69e-06,7.4e-06,1.15e-05,1.75e-05,1.64e-05,1.54e-05,2.19e-05,3.37e-05,3.97e-05,4.56e-05,3.84e-05,5.9e-05,5.92e-05,3.54e-05,6.5e-05,7.07e-05
54Fe,0.00153,0.00297,0.00433,0.00759,0.00877,0.0132,0.0127,0.0152,0.0164,0.00149,0.0134,0.00165,0.00164,0.026,0.00167,0.00167,0.0363
54Mn,2.42e-07,1.27e-06,1.27e-06,3.13e-06,4.07e-06,6.39e-06,6.54e-06,6.99e-06,7.9e-06,1.04e-07,4.94e-06,2.97e-08,3.2e-07,8.98e-06,1.15e-08,4.4e-08,1.16e-05
55Co,0.00014,0.000231,0.000509,0.000756,0.000845,0.00127,0.00121,0.00152,0.00123,3.36e-09,0.00167,2.85e-09,4.49e-09,0.00257,2.37e-09,4.37e-09,0.00369
55Fe,1.47e-05,0.000105,4.19e-05,7.93e-05,7.45e-05,0.000137,0.000138,0.000192,0.000425,1.25e-05,0.000302,2.58e-05,2.75e-05,0.000767,3.76e-05,3.79e-05,0.000444
55Mn,0.000129,0.00014,0.000149,0.000171,0.000204,0.000206,0.000213,0.00023,0.000258,0.000303,0.000304,0.000329,0.000333,0.000333,0.000329,0.000334,0.000336
56Co,0.000141,0.00012,0.000248,0.000231,0.000149,0.00025,0.000402,0.00167,0.0042,1.2e-07,0.0121,9.94e-08,1.57e-07,0.0187,8.02e-08,1.54e-07,0.00586
56Fe,0.0111,0.0122,0.0128,0.0147,0.0171,0.0177,0.0183,0.0197,0.0219,0.025,0.0253,0.0277,0.0278,0.0282,0.0283,0.0284,0.029
56Ni,0.0693,0.0432,0.133,0.115,0.0657,0.1,0.088,0.205,0.129,2.93e-11,0.44,6.41e-12,5.83e-11,0.568,2.27e-12,1.73e-11,0.691
57Co,5.82e-05,4.93e-05,4.36e-05,3.55e-05,1.94e-05,3.49e-05,5.6e-05,0.000235,0.000413,8.48e-07,0.00179,2.53e-07,1.65e-06,0.00249,1.04e-07,4.27e-07,0.000882
57Fe,0.000308,0.000346,0.000372,0.000468,0.000647,0.000632,0.000629,0.000759,0.000905,0.000998,0.00103,0.00117,0.00126,0.00127,0.00127,0.00141,0.00143
57Ni,0.00058,0.00057,0.000651,0.000663,0.000566,0.000895,0.0012,0.00252,0.00231,1.32e-09,0.0136,1.25e-09,1.4e-09,0.0172,1.09e-09,9.97e-10,0.0211
58Co,1.08e-05,6.12e-06,6.21e-06,3.46e-06,2.71e-06,3.42e-06,3.17e-06,6.23e-06,3.56e-06,5.32e-07,1.25e-05,2.13e-07,1.46e-06,2.35e-05,1.06e-07,5e-07,1.82e-05
58Fe,7.28e-05,8.8e-05,0.000159,0.000308,0.000536,0.000446,0.000394,0.000627,0.000922,0.000992,0.00121,0.000916,0.00152,0.00156,0.000879,0.00169,0.00195
58Ni,0.0161,0.00647,0.0106,0.00616,0.00319,0.00379,0.00324,0.00873,0.00528,0.00102,0.0226,0.00113,0.00113,0.0379,0.00115,0.00115,0.0357
59Co,4.24e-05,5.59e-05,5.93e-05,0.000122,0.000192,0.000145,0.000186,0.000221,0.000331,0.000331,0.000399,0.000346,0.000531,0.000555,0.000298,0.000574,0.000655
59Cu,1.92e-05,8.22e-06,2.11e-05,7.46e-06,2.49e-06,2.06e-06,2.27e-07,1.03e-06,8.69e-11,3.67e-13,4.91e-10,4.94e-13,6e-13,1.34e-12,4.15e-13,4.97e-13,9.8e-13
59Fe,1.1e-05,1.8e-06,7.04e-05,5.15e-05,8.21e-05,9.62e-05,4.08e-05,0.000101,8.52e-05,3.97e-05,4.82e-05,5.46e-05,0.000101,0.000104,9.62e-05,0.000231,0.000262
59Ni,0.000346,0.000244,0.000386,0.000258,8.18e-05,0.000116,9.46e-05,0.000367,0.000174,1.85e-05,0.00112,2.16e-05,2.25e-05,0.00149,2.14e-05,2.09e-05,0.00156
60Co,1.93e-06,3.27e-06,7.3e-06,1.5e-05,2.74e-05,2.83e-05,2.3e-05,2.43e-05,5.36e-05,8.64e-05,0.000106,6.69e-05,0.000141,0.00014,5.87e-05,0.000169,0.000189
60Cu,0.00194,0.00125,0.00274,0.00203,0.000423,0.00075,0.000294,0.00191,9.24e-08,7.36e-09,1.31e-05,5.07e-09,1.07e-08,2.44e-07,2.96e-09,1.04e-08,0.00168
60Fe,8.78e-06,2.91e-06,0.000105,2.66e-05,2.54e-05,4.69e-05,1.12e-05,5.19e-05,2.1e-05,1.88e-05,2.38e-05,2.51e-05,5.59e-05,5.63e-05,3.09e-05,8.32e-05,0.000105
60Ni,0.00058,0.00057,0.000651,0.000663,0.000566,0.000895,0.0012,0.00252,,0.000697,0.0109,0.000753,0.000906,0.013,0.000714,0.000973,0.0131
60Zn,0.000222,0.000133,0.000538,0.000335,8.05e-05,0.000104,1.63e-05,0.000109,2.22e-12,6.22e-15,4.7e-08,2.29e-15,7.18e-15,1.19e-13,9.28e-16,4.43e-15,2.31e-09
61Co,3.19e-06,6.4e-08,5.17e-05,1.47e-05,2e-05,1.13e-05,3.74e-06,2.01e-05,2.75e-05,2.89e-05,4.46e-05,1.97e-05,6.92e-05,7.21e-05,6.25e-06,3.61e-05,7.11e-05
61Cu,0.000212,0.000128,0.000247,0.000173,3.36e-05,5.91e-05,2.85e-05,0.000177,2.52e-05,5.83e-08,0.000173,2.39e-08,7.54e-08,0.000202,1.23e-08,5.86e-08,0.000602
61Ni,1.9e-05,2.27e-05,2.73e-05,5.64e-05,0.000101,0.000122,0.000119,0.000236,0.000282,0.000248,0.000786,0.000224,0.00037,0.000979,0.000189,0.000423,0.000719
61Zn,1.02e-05,5.81e-06,1.53e-05,6.84e-06,1.59e-06,1.72e-06,1.47e-07,1.11e-06,7.36e-14,4.38e-15,5.39e-11,9.38e-16,3.6e-15,5.02e-15,3.4e-16,1.72e-15,7.25e-14
62Cu,1.91e-05,9.23e-06,1.18e-05,6.93e-06,1.37e-06,2.32e-06,1.94e-06,1.21e-05,4.8e-06,2.12e-08,3.83e-05,8.66e-09,2.8e-08,5.57e-05,4.57e-09,1.81e-08,7.38e-05
62Ni,5.19e-05,5.29e-05,8.81e-05,0.000172,0.000283,0.000391,0.00072,0.000961,0.000829,0.000777,0.00248,0.000528,0.00105,0.00324,0.00041,0.000926,0.00211
62Zn,0.00229,0.00104,0.00165,0.000902,0.000187,0.00028,0.000148,0.000999,0.000264,2.29e-09,0.00213,1.83e-09,3.92e-09,0.00309,1.36e-09,3.77e-09,0.00414
63Cu,8.06e-06,9.06e-06,8.93e-06,1.33e-05,1.95e-05,3.69e-05,3.71e-05,5.87e-05,6.94e-05,5.7e-05,9.3e-05,6.25e-05,8.03e-05,0.000122,5.93e-05,8.67e-05,0.000128
63Ni,8.57e-06,9.53e-06,1.85e-05,7.96e-05,0.000142,0.000102,6.86e-05,5.99e-05,0.000279,0.000297,0.000345,0.000304,0.000567,0.000564,0.000238,0.00071,0.000749
63Zn,1.39e-05,8.48e-06,9.84e-06,6.35e-06,1.24e-06,1.98e-06,6.67e-07,4.79e-06,1.86e-08,6.54e-09,6.19e-08,5.96e-09,1.19e-08,5.26e-08,4.38e-09,1.45e-08,7.48e-06
64Cu,2.4e-07,1.17e-07,6.76e-07,1.35e-06,3.31e-06,5.49e-06,2.35e-06,8.68e-06,1.1e-05,6.22e-06,9.85e-06,4.5e-06,1.18e-05,1.2e-05,3.02e-06,1e-05,1.5e-05
64Ga,2.89e-06,1.66e-06,5.83e-06,4.01e-06,6.8e-07,9.92e-07,1.31e-07,1.31e-06,1.42e-10,7.08e-10,1.07e-09,5.33e-10,1.23e-09,1.37e-09,3.53e-10,1.38e-09,8.31e-08
64Ge,1.19e-07,1.11e-07,4.06e-07,1.86e-07,3.43e-08,3.31e-08,1.3e-09,1.47e-08,2.16e-16,4.78e-21,3.45e-20,1.26e-21,7.54e-21,1.28e-20,4.17e-22,3.79e-21,9.88e-21
64Ni,2.28e-05,2.54e-05,4.68e-05,0.000154,0.000236,0.000252,0.000287,0.000499,0.000898,0.00118,0.00148,0.000951,0.00188,0.00191,0.000715,0.00192,0.00227
64Zn,2.49e-05,2.11e-05,2.83e-05,2.93e-05,2.58e-05,3.6e-05,4.41e-05,6.08e-05,6.98e-05,5.58e-05,0.000115,6.66e-05,8.18e-05,0.000144,6.56e-05,0.000103,0.000175
65Cu,5.86e-06,6.96e-06,1.2e-05,3.89e-05,6.11e-05,6.2e-05,0.000111,0.000133,0.000214,0.000201,0.000263,0.000216,0.000386,0.00041,0.000191,0.000439,0.000551
65Ga,8.85e-07,6.82e-07,7.3e-07,4.8e-07,6.72e-08,1.21e-07,2.96e-08,3.04e-07,1.19e-09,1.86e-08,4.64e-05,1.29e-08,3.13e-08,6.08e-05,8.05e-09,3.48e-08,3.66e-05
65Ge,3.45e-09,1.09e-09,1.23e-09,8.6e-11,1.04e-11,5.76e-12,3.13e-14,5.78e-13,1.07e-18,5.11e-12,9.92e-06,1.3e-12,7.67e-12,1.23e-05,4.6e-13,4.74e-12,5.17e-05
65Ni,5.75e-06,6.62e-08,2.51e-05,1.11e-05,1.29e-05,1.98e-05,4.02e-06,1.95e-05,2.06e-05,5.25e-06,7.15e-06,7.17e-06,1.57e-05,1.62e-05,6.33e-06,2.43e-05,2.96e-05
65Zn,5.48e-07,5.16e-07,6.61e-07,1.36e-06,2.55e-06,2.97e-06,5.18e-06,5.56e-06,9.8e-06,7.04e-06,1.1e-05,1.01e-05,1.72e-05,2.02e-05,1.03e-05,2.52e-05,3.01e-05
66Cu,2.34e-07,1.1e-08,9.71e-07,1.54e-06,2.34e-06,2.51e-06,9.79e-07,2.61e-06,4.56e-06,4.06e-07,1.16e-06,5.39e-07,1.92e-06,2.36e-06,5.93e-07,2.17e-06,3.91e-06
66Ga,1.81e-06,1.02e-06,1.18e-06,7.52e-07,1.18e-07,2.22e-07,9.31e-07,6.76e-06,5.29e-06,2.52e-07,4.9e-07,9.89e-08,4.06e-07,5.73e-07,4.56e-08,2.65e-07,5.1e-07
66Ge,4.56e-05,2.26e-05,3.38e-05,1.94e-05,3.11e-06,5.14e-06,1.73e-06,1.63e-05,1.16e-06,1.09e-11,2.27e-11,2.63e-12,1.53e-11,1.83e-11,8.76e-13,7.67e-12,4.79e-09
66Zn,1.02e-05,1.25e-05,1.67e-05,4.35e-05,8e-05,0.00012,0.000272,0.000263,0.000335,0.000326,0.000457,0.000351,0.000594,0.000692,0.000306,0.000745,0.0009
67Ga,3.59e-08,4.06e-08,1.75e-08,3.11e-08,5.03e-08,1.72e-07,1.9e-07,3.01e-07,2.37e-07,1.74e-07,3.01e-07,8.86e-08,3.39e-07,3.59e-07,4.78e-08,2.54e-07,3.84e-07
67Ge,1.13e-07,2.19e-08,1.27e-08,8.71e-09,1.03e-08,2.69e-08,4.04e-08,3.49e-08,3.21e-08,7.99e-09,3.52e-08,5.66e-09,2.11e-08,9.33e-08,3.91e-09,1.83e-08,6.73e-08
67Zn,1.55e-06,1.8e-06,2.29e-06,9.7e-06,1.75e-05,2.13e-05,1.83e-05,2.48e-05,9.06e-05,0.000109,0.000127,0.000116,0.000203,0.000202,9.81e-05,0.000264,0.000275
68Ga,2.5e-09,1.73e-09,5.32e-09,2.93e-08,5.33e-08,1.15e-07,1.67e-07,2.21e-07,2.51e-07,6.48e-05,8.62e-05,7.75e-05,0.000141,0.000148,7.31e-05,0.000176,0.000223
68Ge,2.52e-09,4.36e-09,6.61e-09,3.93e-08,6.49e-08,9.95e-08,6.4e-07,6.62e-07,,1.87e-07,4.39e-07,8.69e-08,3.55e-07,4.96e-07,5.1e-08,2.3e-07,5.61e-07
68Zn,8.68e-06,9.89e-06,1.61e-05,6.58e-05,0.000104,0.000129,0.000263,0.000396,0.000696,0.000998,0.00132,0.00076,0.00164,0.00171,0.000528,0.00153,0.00198
69Ga,1.15e-06,1.31e-06,2.59e-06,8.7e-06,1.45e-05,2.1e-05,4.03e-05,4.44e-05,7.31e-05,5.15e-06,9.99e-06,7.67e-06,2.6e-05,2.72e-05,3.99e-06,2.3e-05,3.53e-05
69Ge,2.52e-09,4.36e-09,6.61e-09,3.93e-08,6.49e-08,9.95e-08,6.4e-07,6.62e-07,3.44e-07,0.000144,0.000266,0.000113,0.000271,0.000336,9.12e-05,0.000233,0.000426
69Zn,1.48e-06,3.58e-08,6.34e-06,4.37e-06,6.05e-06,1.09e-05,3.47e-06,1.45e-05,2.65e-05,7.74e-06,1.14e-05,1.16e-05,2.87e-05,2.95e-05,8.1e-06,4.01e-05,4.85e-05
70Ga,2.17e-07,2.07e-08,7.37e-07,1.98e-06,2.65e-06,6.7e-06,2.03e-06,4.22e-06,1.31e-05,8.13e-18,1.1e-14,3.86e-18,1.19e-17,1.62e-17,1.81e-18,7.85e-18,1.71e-17
70Ge,2.83e-06,4.09e-06,6.38e-06,3.97e-05,6.06e-05,7.87e-05,8.02e-05,0.000118,0.000492,0.000814,0.000971,0.000725,0.00139,0.00138,0.000557,0.00161,0.00174
71Ge,,,,,,,,,,25.9,28.2,27.8,31.3,33.2,27.7,32.5,36.0
7Be,3.35e-07,2.87e-07,6.17e-07,5.69e-07,4.43e-07,4.18e-07,4.18e-07,4.35e-07,5.04e-07,7.13e-07,6.25e-07,8.26e-07,7.34e-07,7.01e-07,8.19e-07,7.17e-07,6.62e-07
7Li,2.18e-07,2.18e-07,1.98e-07,2.07e-07,2.73e-07,2.51e-07,2.51e-07,2.17e-07,2.4e-07,2.74e-07,2.12e-07,1.94e-07,1.56e-07,1.45e-07,1.69e-07,1.34e-07,1.17e-07
9Be,2.88e-10,2.87e-10,2.97e-10,3.15e-10,3.35e-10,3.46e-10,3.45e-10,3.58e-10,3.84e-10,3.79e-10,3.79e-10,4.4e-10,4.41e-10,4.41e-10,4.07e-10,4.07e-10,4.07e-10
